day_utc,epoch,strategy_id,start_equity,end_equity,realized,fees,funding,upnl_eod,trades,wins,losses,win_rate,profit_factor,avg_r,max_dd_pct,expectancy,signals_total,signals_approved,signals_rejected,signals_warmup,signals_stale,time_in_market_s,gross_notional_max,reject_reasons_json,life,updated_ts
2026-09-20,3,S06,100.0,82.05564615188368,-11.950558714813374,6.615770083630153,0.02667132,0.0,8,0,8,0.0,0.0,-0.7325858048706431,-18.143600873566058,-2.3207910998054406,47,8,5,34,0,23006,1477.6685726080132,"{""max_positions"":5}",1,1789916553629
2026-09-20,3,S10,100.0,102.78009774623669,3.4547043586948982,0.9188727688047362,0.024473619970970004,0.0,2,1,1,0.5,2.0410881413220405,0.5617475971545227,-7.26512412861022,1.2679157949450812,1398,2,443,953,0,43542,905.9400204360841,"{""max_positions"":261,""stop_bps"":182}",1,1789916544206
2026-09-20,3,S09,100.0,96.43023932102858,-1.5798948995982887,4.825564571646291,0.0,0.0,4,1,3,0.25,0.3570567878459848,-0.9301435626323853,-24.812232648544693,-1.601364867811145,98,21,17,60,0,669,1552.875840612497,"{""max_positions"":9,""stop_bps"":8}",4,1789916522405
2026-09-20,3,S07,100.0,102.60652740886563,5.7630302769339385,1.2019128111440676,0.0,0.0,1,1,0,1.0,999.0,2.3424039008103263,-24.894532910695858,4.561117465789871,120,12,13,95,0,1582,1499.5094987916175,"{""max_positions"":10,""stop_bps"":3}",2,1789916483022
2026-09-20,3,S18,100.0,92.55772431720834,-7.3303775015138,1.6217511718451225,0.027307407546556004,0.0,4,1,3,0.25,0.05037569174121393,-0.6888915087477815,-7.44227568279166,-2.2380321683397306,69,4,0,65,0,29063,909.8223244770176,{},1,1789916475349
2026-09-20,3,S20,100.0,80.50687056271582,-10.471496277913907,8.343505488915808,0.0,-0.5649276704544162,7,1,6,0.14285714285714285,0.04924167505808517,-1.134988916240012,-24.531440079557314,-2.6178932654139855,49,21,8,19,0,6064,1513.733302852332,"{""stop_bps"":8}",2,1789916281702
2026-09-20,3,S19,100.0,101.99123882880207,3.1906196392880166,1.1993808104859491,0.0,0.0,1,1,0,1.0,999.0,1.259780773939424,-25.990176620571674,1.9912388288020675,51,9,15,27,0,1108,1497.6307032877926,"{""stop_bps"":8,""max_positions"":7}",2,1789916281698
2026-09-20,3,S17,100.0,74.70772738036568,-8.514880844123688,16.777391775510626,0.0,0.0,16,1,15,0.0625,0.043930811920918696,-1.0231849914694335,-27.24697431453872,-1.5807670387271446,455,152,0,1,0,720,1498.6592777984984,{},9,1789916281690
2026-09-20,3,S16,100.0,103.0864892519565,2.531505825495945,1.0060410142870697,0.0,1.0167044407475623,1,1,0,1.0,999.0,1.0291007308974571,-4.422986262650436,2.135691332985174,3,2,0,0,0,60,493.5023627257154,{},1,1789916281685
2026-09-20,3,S15,100.0,105.93053404356027,9.168194880581433,3.237660837021163,0.0,0.0,4,4,0,1.0,999.0,0.3600579859934478,-1.598182529255437,1.4826335108900675,12,4,0,8,0,3800,1175.909405000822,{},1,1789916281680
2026-09-20,3,S14,100.0,99.55317144382569,-2.838561739347814,0.6617457942031902,0.055727879999999994,3.049151097376706,1,0,1,0.0,0.0,-1.5476640766504646,-5.488356436174314,-3.2766081131120535,79,2,22,55,0,597,546.1386863356255,"{""max_positions"":19,""stop_bps"":3}",1,1789916281675
2026-09-20,3,S13,100.0,99.2898609120471,0.0,0.05556385337783975,0.013911320825604,-0.6760465554006505,0,0,0,,,,-1.311419841696981,,152,1,18,133,0,0,0.0,"{""max_positions"":18}",1,1789916281670
2026-09-20,3,S12,100.0,101.44707766596545,0.0,0.12485288560462802,0.031116540000000005,1.5695140115700894,0,0,0,,,,-2.848572100464904,,253,1,43,209,0,0,0.0,"{""max_positions"":39,""stop_bps"":4}",1,1789916281665
2026-09-20,3,S11,100.0,102.32746113972064,2.7954477179731807,0.4801296182525272,0.012143040000000003,0.0,5,4,1,0.8,333.4823928509205,1.130515765163194,-1.176890952165872,0.4630636199441307,6,5,0,0,0,25589,121.7255781955833,{},1,1789916281660
2026-09-20,3,S08,100.0,82.99537000254698,-12.910038874605027,3.2580626105758452,0.0,-0.7600285122721182,3,0,3,0.0,0.0,-1.2973541847318601,-18.983903303735833,-5.279094298861927,23,4,5,14,0,10756,1332.6560412989293,"{""max_positions"":2,""rr"":2,""stop_bps"":1}",1,1789916281645
2026-09-20,3,S05,100.0,95.75511770870737,-3.0441921556740894,1.2006901356185233,0.0,0.0,1,0,1,0.0,0.0,-1.55535626041343,-28.05169290807615,-4.244882291292613,274,14,22,228,0,1020,1499.3405734453172,"{""stop_bps"":18,""max_positions"":4}",3,1789916281629
2026-09-20,3,S04,100.0,83.59154937796184,-13.259438236050855,3.1803272048345894,0.0313148188472808,0.0,4,0,4,0.0,0.0,-1.339503141096474,-16.79411982890671,-4.109941360221361,263,4,40,219,0,38888,1385.8573748240553,"{""max_positions"":37,""rr"":3}",1,1789916281624
2026-09-20,3,S03,100.0,91.9566264787146,-6.2037961583304995,1.8395773629548933,0.0,0.0,3,0,3,0.0,0.0,-0.8931037348494124,-8.334832172117146,-2.681124507095131,14,3,0,11,0,9345,861.4439523282967,{},1,1789916281619
2026-09-20,3,S02,100.0,100.7565154713577,0.0,0.1547068540466987,-0.03864255784890001,0.9708648832532845,0,0,0,,,,-3.870527061254234,,73,1,22,50,0,0,0.0,"{""max_positions"":21,""stop_bps"":1}",1,1789916281613
2026-09-20,3,S01,100.0,100.0,0.0,0.5998022573417214,0.0,-0.28495664569648427,0,0,0,,,,-25.584650575348977,,267,12,93,162,0,0,0.0,"{""max_positions"":82,""stop_bps"":11}",2,1789916281606
2026-09-20,3,S01,100.0,75.13109073540691,-16.759541632013168,9.039036726335626,-0.025045020000000005,0.0,11,0,11,0.0,0.0,-1.2257168124856752,-25.584650575348977,-2.3453253053044354,266,11,93,162,0,32574,1420.010020460262,"{""max_positions"":82,""stop_bps"":11}",1,1789916179037
2026-09-20,3,S07,100.0,75.10546708930414,-15.440207849396327,10.784358063619882,0.06787092,0.0,11,2,9,0.18181818181818182,0.21876874389766937,-0.9768378776053779,-24.894532910695858,-2.384051446637837,117,11,11,95,0,22033,1409.5055666745545,"{""max_positions"":8,""stop_bps"":3}",1,1789914784043
2026-09-20,3,S19,100.0,74.91034856376329,-19.01625095103936,6.872746041693427,0.0,0.0,8,0,8,0.0,0.0,-1.3774817550276457,-25.990176620571674,-3.236124624091598,48,8,13,27,0,10634,1406.1942287395027,"{""max_positions"":7,""stop_bps"":6}",1,1789911223639
2026-09-20,3,S09,100.0,75.1877673514553,-21.610829943717935,4.233476318693937,0.0,0.0,5,0,5,0.0,0.0,-1.348312085616199,-24.812232648544693,-5.168861252482374,34,16,9,9,0,158,1224.90005070261,"{""stop_bps"":5,""max_positions"":4}",3,1789907580883
2026-09-20,3,S05,100.0,79.90028680395551,-21.277872394803545,5.364868156086268,0.0,0.0,5,0,5,0.0,0.0,-2.901166616637558,-28.05169290807615,-5.328548110177963,150,13,9,118,0,154,1500.1148464429634,"{""stop_bps"":5,""max_positions"":4}",2,1789907345554
2026-09-20,3,S17,100.0,75.52146685587185,-7.021279643412804,18.957626039069265,0.0,0.0,18,1,17,0.05555555555555555,0.07300055929825955,-0.9305713671028132,-27.24697431453872,-1.4432725379156703,259,135,0,0,0,739,1495.5875468136658,{},8,1789905963668
2026-09-20,3,S09,100.0,75.44570209409945,-21.85855895096335,3.7560852561598037,0.0,0.0,4,0,4,0.0,0.0,-1.6462187021627401,-24.554297905900555,-6.403661051780788,29,11,9,9,0,60,1499.3627695756106,"{""stop_bps"":5,""max_positions"":4}",2,1789905180343
2026-09-20,3,S09,100.0,76.25477289188498,-20.023524424363426,8.005602213374754,0.0,0.0,8,0,8,0.0,0.0,-1.5660420030216464,-23.95682710811498,-3.5036408297172725,26,8,9,9,0,2092,1444.5569922855354,"{""stop_bps"":5,""max_positions"":4}",1,1789904884742
2026-09-20,3,S17,100.0,74.84099535532002,-7.006773634326428,18.558717043696383,0.0,0.0,18,1,17,0.05555555555555555,0.0011025101207096713,-0.9113626785827683,-27.24697431453872,-1.420305037667934,242,118,0,0,0,810,1498.7449558763317,{},7,1789904406631
2026-09-20,3,S17,100.0,75.49527314926414,-7.7051128163625755,17.57045606371614,0.0,0.0,17,0,17,0.0,0.0,-0.9767655708438026,-27.24697431453872,-1.4867981694163948,224,100,0,0,0,765,1498.0130022537196,{},6,1789901807199
2026-09-20,3,S20,100.0,75.46855992044269,-14.920949433282543,11.142871078069797,0.12544194,0.0,13,1,12,0.07692307692307693,0.06019743684490623,-0.9626617966729676,-24.531440079557314,-2.0049092701040263,32,12,4,15,0,15511,1456.2704810975767,"{""stop_bps"":4}",1,1789900500523
2026-09-20,3,S17,100.0,77.00186918906255,-9.61593622178783,16.880186963789875,0.0,0.0,16,0,16,0.0,0.0,-1.1141683079100348,-27.24697431453872,-1.6560076990986066,207,83,0,0,0,678,1496.564709233533,{},5,1789899423364
2026-09-20,3,S17,100.0,75.5266724984434,-9.393663663017302,15.742213078690627,0.0,0.0,15,0,15,0.0,0.0,-1.0940721457758384,-27.24697431453872,-1.675725116113862,191,67,0,0,0,675,1497.9484182521708,{},4,1789897771068
2026-09-20,3,S17,100.0,75.5543981101175,-10.185187292838151,14.862959062566285,0.0,0.0,14,0,14,0.0,0.0,-1.1546810831752246,-27.24697431453872,-1.789153311100317,176,52,0,0,0,593,1492.6211701466236,{},3,1789896155327
2026-09-20,3,S17,100.0,75.17713371588518,-8.864428189355879,16.74204341326036,0.0,0.0,16,0,16,0.0,0.0,-1.043020679744824,-27.24697431453872,-1.600404475163515,162,38,0,0,0,720,1499.5607436088492,{},2,1789894863077
2026-09-20,3,S17,100.0,73.831590179498,-2.5501750201946427,23.61823480030736,0.0,0.0,22,7,15,0.3181818181818182,0.14304942437064183,-1.3265698358102642,-27.24697431453872,-1.189473173659182,146,22,0,0,0,632,1521.8713634577787,{},1,1789893048225
2026-09-20,3,S05,100.0,71.94830709192385,-19.575068807261196,8.476624100814938,0.0,0.0,8,0,8,0.0,0.0,-2.599412294698822,-28.05169290807615,-3.506461613509517,118,8,4,96,0,1003,1499.861359698984,"{""max_positions"":4}",1,1789893048221
