id,ts,epoch,strategy_id,symbol,author,kind,text
723,1789916553620,3,S06,SOLUSDT,system,close,S06 close SOLUSDT kind=trail R=-1.14 pnl=-3.38 equity=81.46
722,1789916544195,3,S10,ETHUSDT,system,close,S10 close ETHUSDT kind=stop R=-1.12 pnl=-2.24 equity=102.56
721,1789916522397,3,S09,ETHUSDT,system,close,S09 close ETHUSDT kind=stop R=-2.61 pnl=-2.46 equity=93.59
720,1789916520730,3,S09,ETHUSDT,system,open,S09 open ETHUSDT long qty=0.562 @2595.07 equity=96.43
719,1789916483006,3,S07,ETHUSDT,system,close,S07 close ETHUSDT kind=tp R=+2.34 pnl=+5.76 equity=104.56
718,1789916475341,3,S18,ETHUSDT,system,close,S18 close ETHUSDT kind=stop R=-1.23 pnl=-4.30 equity=91.08
717,1789916460426,3,S10,ETHUSDT,system,reject,S10 reject ETHUSDT stop_too_tight:7.9bps<8
716,1789916400591,3,S04,ETHUSDT,system,open,S04 open ETHUSDT long qty=0.484 @2586.7 equity=82.75
715,1789916280488,3,S10,SOLUSDT,system,reject,S10 reject SOLUSDT max_positions
714,1789916280487,3,S01,SOLUSDT,system,open,S01 open SOLUSDT short qty=13.86 @108.189 equity=99.12
713,1789916179037,3,S01,,system,life_respawned,S01 life_respawned life=2 balance=100.00 all_lives=-25.82
712,1789916179037,3,S01,,system,life_ended,S01 life_ended equity=74.18 realized=-25.82 trades=11 floor=75.00
711,1789916179017,3,S01,SOLUSDT,system,close,S01 close SOLUSDT kind=stop R=-1.67 pnl=-1.95 equity=74.18
710,1789915620449,3,S01,SOLUSDT,system,open,S01 open SOLUSDT short qty=10.68 @108.164 equity=76.31
709,1789915058446,3,S01,SOLUSDT,system,close,S01 close SOLUSDT kind=be R=-0.22 pnl=-0.03 equity=77.05
708,1789914900266,3,S07,ETHUSDT,system,open,S07 open ETHUSDT long qty=0.581 @2580.91 equity=99.24
707,1789914900138,3,S20,SOLUSDT,system,open,S20 open SOLUSDT short qty=11.32 @108.16 equity=80.85
706,1789914842332,3,S09,SOLUSDT,system,close,S09 close SOLUSDT kind=stop R=-1.64 pnl=-3.12 equity=97.22
705,1789914840326,3,S09,SOLUSDT,system,open,S09 open SOLUSDT long qty=14.06 @108.301 equity=100.80
704,1789914840286,3,S01,BTCUSDT,system,reject,S01 reject BTCUSDT max_positions
703,1789914805138,3,S04,ETHUSDT,system,close,S04 close ETHUSDT kind=stop R=-1.43 pnl=-3.21 equity=83.59
702,1789914784043,3,S07,,system,life_respawned,S07 life_respawned life=2 balance=100.00 all_lives=-26.16
701,1789914784043,3,S07,,system,life_ended,S07 life_ended equity=73.84 realized=-26.16 trades=11 floor=75.00
700,1789914784024,3,S07,SOLUSDT,system,close,S07 close SOLUSDT kind=stop R=-1.49 pnl=-2.96 equity=73.84
699,1789914362207,3,S09,SOLUSDT,system,close,S09 close SOLUSDT kind=trail R=-0.85 pnl=-0.76 equity=101.56
698,1789914000574,3,S04,ETHUSDT,system,open,S04 open ETHUSDT short qty=0.511 @2574.45 equity=87.19
697,1789914000485,3,S07,SOLUSDT,system,open,S07 open SOLUSDT short qty=10.79 @107.959 equity=77.05
696,1789914000466,3,S06,SOLUSDT,system,open,S06 open SOLUSDT short qty=7.3 @107.965 equity=85.05
695,1789913962141,3,S07,BTCUSDT,system,close,S07 close BTCUSDT kind=stop R=-1.93 pnl=-1.97 equity=77.74
694,1789913897740,3,S03,SOLUSDT,system,close,S03 close SOLUSDT kind=stop R=-1.19 pnl=-4.12 equity=91.96
693,1789913787283,3,S06,BTCUSDT,system,close,S06 close BTCUSDT kind=trail R=-1.16 pnl=-3.61 equity=85.47
692,1789913760256,3,S09,SOLUSDT,system,reject,S09 reject SOLUSDT max_positions
691,1789913760255,3,S08,SOLUSDT,system,open,S08 open SOLUSDT short qty=7.65 @108.111 equity=83.68
690,1789913700168,3,S09,SOLUSDT,system,open,S09 open SOLUSDT short qty=14.36 @108.139 equity=102.63
689,1789913626395,3,S04,ETHUSDT,system,close,S04 close ETHUSDT kind=stop R=-1.52 pnl=-3.54 equity=87.85
688,1789913580366,3,S01,SOLUSDT,system,open,S01 open SOLUSDT short qty=7.86 @108.277 equity=77.32
687,1789913400147,3,S02,SOLUSDT,system,reject,S02 reject SOLUSDT max_positions
686,1789913164951,3,S16,BTCUSDT,system,open,S16 open BTCUSDT short qty=0.0189 @80717.8 equity=101.24
685,1789913101158,3,S04,SOLUSDT,system,reject,S04 reject SOLUSDT max_positions
684,1789913101157,3,S03,SOLUSDT,system,open,S03 open SOLUSDT long qty=6.84 @108.575 equity=96.27
683,1789913100339,3,S13,ETHUSDT,system,reject,S13 reject ETHUSDT max_positions
682,1789913100338,3,S12,ETHUSDT,system,reject,S12 reject ETHUSDT max_positions
681,1789913100337,3,S06,ETHUSDT,system,reject,S06 reject ETHUSDT max_positions
680,1789913100336,3,S04,ETHUSDT,system,open,S04 open ETHUSDT long qty=0.536 @2585.55 equity=91.56
679,1789913100292,3,S06,BTCUSDT,system,open,S06 open BTCUSDT long qty=0.0134 @80759.4 equity=89.25
678,1789913040364,3,S05,SOLUSDT,system,reject,S05 reject SOLUSDT stop_too_tight:3.4bps<8
677,1789913028721,3,S08,SOLUSDT,system,close,S08 close SOLUSDT kind=stop R=-1.31 pnl=-4.09 equity=84.16
676,1789913009140,3,S19,BTCUSDT,system,close,S19 close BTCUSDT kind=tp R=+1.26 pnl=+3.19 equity=101.99
675,1789913005664,3,S04,SOLUSDT,system,close,S04 close SOLUSDT kind=stop R=-1.25 pnl=-4.37 equity=92.49
674,1789912956763,3,S06,SOLUSDT,system,close,S06 close SOLUSDT kind=trail R=-0.96 pnl=-3.07 equity=89.95
673,1789912944288,3,S20,SOLUSDT,system,close,S20 close SOLUSDT kind=stop R=-1.46 pnl=-3.39 equity=81.67
672,1789912800905,3,S10,ETHUSDT,system,reject,S10 reject ETHUSDT stop_too_tight:1.1bps<8
671,1789912680424,3,S10,SOLUSDT,system,reject,S10 reject SOLUSDT max_positions
670,1789912500961,3,S07,ETHUSDT,system,reject,S07 reject ETHUSDT max_positions
669,1789912200411,3,S07,BTCUSDT,system,open,S07 open BTCUSDT long qty=0.015 @80545.2 equity=79.95
668,1789912140820,3,S01,SOLUSDT,system,reject,S01 reject SOLUSDT stop_too_tight:7.7bps<8
667,1789911911379,3,S01,SOLUSDT,system,close,S01 close SOLUSDT kind=be R=-0.29 pnl=+0.34 equity=77.76
666,1789911901102,3,S12,ETHUSDT,system,reject,S12 reject ETHUSDT stop_too_tight:6.9bps<8
665,1789911901097,3,S18,ETHUSDT,system,open,S18 open ETHUSDT short qty=0.353 @2577.4 equity=95.50
664,1789911900610,3,S20,SOLUSDT,system,open,S20 open SOLUSDT short qty=11.94 @108.068 equity=85.21
663,1789911900424,3,S19,BTCUSDT,system,open,S19 open BTCUSDT long qty=0.0186 @80517.8 equity=99.03
662,1789911860564,3,S20,SOLUSDT,system,close,S20 close SOLUSDT kind=be R=-0.35 pnl=+0.35 equity=86.10
661,1789911360941,3,S08,BTCUSDT,system,reject,S08 reject BTCUSDT max_positions
660,1789911300330,3,S06,SOLUSDT,system,open,S06 open SOLUSDT short qty=8.08 @107.987 equity=93.18
659,1789911300328,3,S04,SOLUSDT,system,open,S04 open SOLUSDT short qty=8.87 @107.985 equity=97.03
658,1789911248093,3,S07,SOLUSDT,system,close,S07 close SOLUSDT kind=stop R=-1.40 pnl=-3.98 equity=80.67
657,1789911223639,3,S19,,system,life_respawned,S19 life_respawned life=2 balance=100.00 all_lives=-25.89
656,1789911223639,3,S19,,system,life_ended,S19 life_ended equity=74.11 realized=-25.89 trades=8 floor=75.00
655,1789911223618,3,S19,BTCUSDT,system,close,S19 close BTCUSDT kind=stop R=-1.75 pnl=-1.70 equity=74.11
654,1789911000275,3,S20,SOLUSDT,system,open,S20 open SOLUSDT short qty=12.03 @108.157 equity=86.11
653,1789910880347,3,S01,SOLUSDT,system,open,S01 open SOLUSDT short qty=10.86 @108.188 equity=77.66
652,1789910820423,3,S19,BTCUSDT,system,open,S19 open BTCUSDT long qty=0.0142 @80559.2 equity=75.98
651,1789910780628,3,S19,BTCUSDT,system,close,S19 close BTCUSDT kind=stop R=-1.95 pnl=-1.36 equity=76.73
650,1789910663399,3,S01,SOLUSDT,system,close,S01 close SOLUSDT kind=be R=-0.24 pnl=+0.51 equity=78.36
649,1789910460947,3,S19,BTCUSDT,system,reject,S19 reject BTCUSDT stop_too_tight:0.9bps<8
648,1789910400283,3,S14,BTCUSDT,system,reject,S14 reject BTCUSDT max_positions
647,1789910340214,3,S19,BTCUSDT,system,open,S19 open BTCUSDT short qty=0.0147 @80444.7 equity=78.37
646,1789910280481,3,S01,BTCUSDT,system,reject,S01 reject BTCUSDT max_positions
645,1789910280363,3,S08,SOLUSDT,system,open,S08 open SOLUSDT short qty=12.32 @108.17 equity=88.42
644,1789909984932,3,S09,BTCUSDT,system,close,S09 close BTCUSDT kind=trail R=+1.37 pnl=+4.76 equity=103.56
643,1789909980273,3,S09,BTCUSDT,system,open,S09 open BTCUSDT long qty=0.0186 @80536.1 equity=99.22
642,1789909953556,3,S04,BTCUSDT,system,close,S04 close BTCUSDT kind=stop R=-1.17 pnl=-2.15 equity=97.63
641,1789909920530,3,S01,SOLUSDT,system,open,S01 open SOLUSDT short qty=10.91 @108.29 equity=78.10
640,1789909620157,3,S09,BTCUSDT,system,reject,S09 reject BTCUSDT stop_too_tight:4.8bps<8
639,1789909596298,3,S06,BTCUSDT,system,close,S06 close BTCUSDT kind=be R=-0.30 pnl=+0.46 equity=93.71
638,1789909500202,3,S12,ETHUSDT,system,reject,S12 reject ETHUSDT max_positions
637,1789909500201,3,S06,ETHUSDT,system,reject,S06 reject ETHUSDT max_positions
636,1789909500171,3,S13,BTCUSDT,system,reject,S13 reject BTCUSDT max_positions
635,1789909500169,3,S04,BTCUSDT,system,reject,S04 reject BTCUSDT max_positions
634,1789909498622,3,S01,SOLUSDT,system,close,S01 close SOLUSDT kind=stop R=-1.70 pnl=-2.17 equity=78.79
633,1789909443802,3,S20,ETHUSDT,system,close,S20 close ETHUSDT kind=stop R=-1.73 pnl=-2.06 equity=86.79
632,1789909381183,3,S15,SOLUSDT,system,close,S15 close SOLUSDT kind=time R=+0.13 pnl=+1.51 equity=105.93
631,1789909200261,3,S07,SOLUSDT,system,open,S07 open SOLUSDT long qty=11.66 @108.341 equity=85.02
630,1789909140830,3,S01,SOLUSDT,system,open,S01 open SOLUSDT short qty=11.35 @108.222 equity=81.25
629,1789909140426,3,S10,ETHUSDT,system,reject,S10 reject ETHUSDT stop_too_tight:3.8bps<8
628,1789909021134,3,S10,SOLUSDT,system,reject,S10 reject SOLUSDT max_positions
627,1789908928565,3,S07,ETHUSDT,system,close,S07 close ETHUSDT kind=stop R=-1.86 pnl=-2.10 equity=85.66
626,1789908900606,3,S07,BTCUSDT,system,reject,S07 reject BTCUSDT stop_too_tight:5.3bps<8
625,1789908900606,3,S06,BTCUSDT,system,open,S06 open BTCUSDT long qty=0.0176 @80402.7 equity=93.65
624,1789908900603,3,S02,BTCUSDT,system,reject,S02 reject BTCUSDT max_positions
623,1789908900598,3,S05,BTCUSDT,system,reject,S05 reject BTCUSDT stop_too_tight:1.4bps<8
622,1789908900144,3,S20,ETHUSDT,system,open,S20 open ETHUSDT short qty=0.523 @2577.08 equity=89.21
621,1789908900141,3,S07,ETHUSDT,system,reject,S07 reject ETHUSDT max_positions
620,1789908601647,3,S05,SOLUSDT,system,close,S05 close SOLUSDT kind=stop R=-1.56 pnl=-3.04 equity=95.76
619,1789908600304,3,S20,ETHUSDT,system,reject,S20 reject ETHUSDT stop_too_tight:3.6bps<8
618,1789908478975,3,S17,,system,halt,S17 stays halted: 8 lives today reaches the cap of 8
617,1789908478975,3,S17,,system,life_ended,S17 life_ended equity=74.71 realized=-25.29 trades=16 floor=75.00
616,1789908441305,3,S20,ETHUSDT,system,close,S20 close ETHUSDT kind=vote_flip R=-1.22 pnl=-2.31 equity=89.93
615,1789908440873,3,S18,SOLUSDT,system,close,S18 close SOLUSDT kind=rotate R=-0.40 pnl=-1.18 equity=96.11
614,1789908440854,3,S17,,system,halt,S17 stays halted: 8 lives today reaches the cap of 8
613,1789908440854,3,S17,,system,life_ended,S17 life_ended equity=74.71 realized=-25.29 trades=16 floor=75.00
612,1789908181110,3,S10,SOLUSDT,system,reject,S10 reject SOLUSDT stop_too_tight:7.4bps<8
611,1789907708201,3,S17,,system,halt,S17 stays halted: 8 lives today reaches the cap of 8
610,1789907708201,3,S17,,system,life_ended,S17 life_ended equity=74.71 realized=-25.29 trades=16 floor=75.00
609,1789907708190,3,S17,SOLUSDT,system,close,S17 close SOLUSDT kind=time R=-1.19 pnl=-0.67 equity=74.71
608,1789907700911,3,S20,ETHUSDT,system,open,S20 open ETHUSDT short qty=0.544 @2570.93 equity=92.50
607,1789907700908,3,S12,ETHUSDT,system,reject,S12 reject ETHUSDT max_positions
606,1789907663035,3,S17,SOLUSDT,system,open,S17 open SOLUSDT long qty=10.57 @108.232 equity=75.60
605,1789907659985,3,S17,BTCUSDT,system,close,S17 close BTCUSDT kind=time R=-1.11 pnl=-0.46 equity=76.29
604,1789907614845,3,S17,BTCUSDT,system,open,S17 open BTCUSDT long qty=0.0145 @80317.8 equity=77.08
603,1789907580885,3,S15,SOLUSDT,system,open,S15 open SOLUSDT long qty=10.85 @108.136 equity=104.71
602,1789907580884,3,S09,,system,life_respawned,S09 life_respawned life=4 balance=100.00 all_lives=-79.49
601,1789907580883,3,S09,,system,life_ended,S09 life_ended equity=74.71 realized=-25.84 trades=5 floor=75.00
600,1789907580868,3,S09,SOLUSDT,system,close,S09 close SOLUSDT kind=halt R=-0.33 pnl=-0.36 equity=74.16
599,1789907580868,3,S09,SOLUSDT,system,open,S09 open SOLUSDT short qty=7.75 @108.102 equity=74.71
598,1789907580866,3,S05,SOLUSDT,system,open,S05 open SOLUSDT short qty=13.87 @108.1 equity=99.12
597,1789907548425,3,S17,BTCUSDT,system,close,S17 close BTCUSDT kind=time R=-1.06 pnl=-0.41 equity=77.68
596,1789907534286,3,S09,SOLUSDT,system,close,S09 close SOLUSDT kind=stop R=-2.03 pnl=-6.48 equity=75.19
595,1789907520852,3,S09,SOLUSDT,system,open,S09 open SOLUSDT short qty=9.15 @108.098 equity=81.78
594,1789907503283,3,S17,BTCUSDT,system,open,S17 open BTCUSDT long qty=0.0147 @80317.5 equity=78.42
593,1789907488039,3,S17,BTCUSDT,system,close,S17 close BTCUSDT kind=time R=-1.57 pnl=-1.36 equity=79.04
592,1789907442982,3,S17,BTCUSDT,system,open,S17 open BTCUSDT long qty=0.0151 @80390.8 equity=80.56
591,1789907345555,3,S09,SOLUSDT,system,close,S09 close SOLUSDT kind=stop R=-1.68 pnl=-5.31 equity=82.46
590,1789907345555,3,S05,,system,life_respawned,S05 life_respawned life=3 balance=100.00 all_lives=-54.69
589,1789907345554,3,S05,,system,life_ended,S05 life_ended equity=73.36 realized=-26.64 trades=5 floor=75.00
588,1789907345546,3,S05,SOLUSDT,system,close,S05 close SOLUSDT kind=stop R=-3.38 pnl=-5.58 equity=73.36
587,1789907340541,3,S09,SOLUSDT,system,open,S09 open SOLUSDT short qty=10.88 @108.223 equity=88.06
586,1789907340540,3,S05,SOLUSDT,system,open,S05 open SOLUSDT short qty=11.07 @108.213 equity=79.13
585,1789907203797,3,S05,SOLUSDT,system,close,S05 close SOLUSDT kind=stop R=-1.86 pnl=-2.21 equity=79.90
584,1789907160143,3,S05,SOLUSDT,system,open,S05 open SOLUSDT short qty=11.51 @108.264 equity=82.31
583,1789907107630,3,S05,SOLUSDT,system,close,S05 close SOLUSDT kind=stop R=-3.60 pnl=-4.46 equity=83.10
582,1789907100443,3,S05,SOLUSDT,system,open,S05 open SOLUSDT short qty=12.26 @108.349 equity=87.97
581,1789907057617,3,S17,BTCUSDT,system,close,S17 close BTCUSDT kind=time R=-1.02 pnl=-0.58 equity=81.36
580,1789907012484,3,S17,BTCUSDT,system,open,S17 open BTCUSDT long qty=0.0154 @80405.3 equity=82.09
579,1789907012381,3,S17,BTCUSDT,system,close,S17 close BTCUSDT kind=time R=-1.08 pnl=-0.66 equity=82.94
578,1789906983395,3,S05,SOLUSDT,system,close,S05 close SOLUSDT kind=stop R=-3.91 pnl=-5.36 equity=88.63
577,1789906980334,3,S05,SOLUSDT,system,open,S05 open SOLUSDT short qty=13.17 @108.322 equity=94.19
576,1789906967279,3,S17,BTCUSDT,system,open,S17 open BTCUSDT long qty=0.0157 @80403.3 equity=83.76
575,1789906967166,3,S17,BTCUSDT,system,close,S17 close BTCUSDT kind=time R=-1.01 pnl=-0.60 equity=84.61
574,1789906921789,3,S17,BTCUSDT,system,open,S17 open BTCUSDT long qty=0.016 @80405.7 equity=85.34
573,1789906910191,3,S17,ETHUSDT,system,close,S17 close ETHUSDT kind=time R=-1.21 pnl=-0.68 equity=86.24
572,1789906864843,3,S17,ETHUSDT,system,open,S17 open ETHUSDT long qty=0.512 @2575.73 equity=87.28
571,1789906863569,3,S17,SOLUSDT,system,close,S17 close SOLUSDT kind=time R=+0.83 pnl=+2.20 equity=87.97
570,1789906818552,3,S17,SOLUSDT,system,open,S17 open SOLUSDT short qty=11.97 @108.757 equity=86.14
569,1789906800212,3,S07,ETHUSDT,system,open,S07 open ETHUSDT short qty=0.517 @2575.05 equity=88.03
568,1789906800144,3,S08,BTCUSDT,system,reject,S08 reject BTCUSDT stop_too_tight:6.2bps<8
567,1789906792186,3,S17,ETHUSDT,system,close,S17 close ETHUSDT kind=time R=-1.23 pnl=-0.86 equity=86.81
566,1789906746656,3,S17,ETHUSDT,system,open,S17 open ETHUSDT long qty=0.516 @2576.69 equity=87.92
565,1789906720071,3,S06,ETHUSDT,system,close,S06 close ETHUSDT kind=be R=-0.16 pnl=+0.69 equity=94.38
564,1789906711185,3,S17,ETHUSDT,system,close,S17 close ETHUSDT kind=time R=-1.16 pnl=-0.85 equity=88.73
563,1789906680175,3,S01,ETHUSDT,system,open,S01 open ETHUSDT short qty=0.478 @2576.9 equity=81.50
562,1789906666065,3,S17,ETHUSDT,system,open,S17 open ETHUSDT long qty=0.527 @2578.18 equity=89.77
561,1789906594471,3,S17,BTCUSDT,system,close,S17 close BTCUSDT kind=time R=-1.00 pnl=-0.39 equity=90.67
560,1789906549366,3,S17,BTCUSDT,system,open,S17 open BTCUSDT long qty=0.0171 @80464.9 equity=91.45
559,1789906538450,3,S17,BTCUSDT,system,close,S17 close BTCUSDT kind=time R=-1.11 pnl=-0.64 equity=92.16
558,1789906500694,3,S02,SOLUSDT,system,reject,S02 reject SOLUSDT max_positions
557,1789906500289,3,S05,BTCUSDT,system,reject,S05 reject BTCUSDT stop_too_tight:1.3bps<8
556,1789906493294,3,S17,BTCUSDT,system,open,S17 open BTCUSDT long qty=0.0175 @80463.6 equity=93.13
555,1789906383399,3,S08,ETHUSDT,system,close,S08 close ETHUSDT kind=stop R=-1.27 pnl=-4.16 equity=89.33
554,1789906207185,3,S17,SOLUSDT,system,close,S17 close SOLUSDT kind=time R=-0.89 pnl=-0.32 equity=93.93
553,1789906200912,3,S13,SOLUSDT,system,reject,S13 reject SOLUSDT max_positions
552,1789906200909,3,S04,SOLUSDT,system,reject,S04 reject SOLUSDT max_positions
551,1789906161982,3,S17,SOLUSDT,system,open,S17 open SOLUSDT short qty=13.16 @108.689 equity=94.55
550,1789906153770,3,S17,SOLUSDT,system,close,S17 close SOLUSDT kind=time R=-1.28 pnl=-1.03 equity=95.40
549,1789906108376,3,S17,SOLUSDT,system,open,S17 open SOLUSDT short qty=13.47 @108.646 equity=96.70
548,1789906094668,3,S17,SOLUSDT,system,close,S17 close SOLUSDT kind=time R=-1.28 pnl=-1.20 equity=97.60
547,1789906049276,3,S17,SOLUSDT,system,open,S17 open SOLUSDT short qty=13.8 @108.598 equity=98.97
546,1789906029393,3,S01,SOLUSDT,system,close,S01 close SOLUSDT kind=stop R=-1.20 pnl=-3.73 equity=82.19
545,1789905963669,3,S17,,system,life_respawned,S17 life_respawned life=9 balance=100.00 all_lives=-205.27
544,1789905963668,3,S17,,system,life_ended,S17 life_ended equity=74.75 realized=-25.98 trades=18 floor=75.00
543,1789905963659,3,S17,SOLUSDT,system,close,S17 close SOLUSDT kind=halt R=-1.07 pnl=-0.59 equity=74.02
542,1789905963659,3,S17,SOLUSDT,system,open,S17 open SOLUSDT short qty=10.43 @108.529 equity=74.75
541,1789905949416,3,S17,SOLUSDT,system,close,S17 close SOLUSDT kind=time R=-1.41 pnl=-1.13 equity=75.52
540,1789905904221,3,S17,SOLUSDT,system,open,S17 open SOLUSDT short qty=10.72 @108.458 equity=76.77
539,1789905896190,3,S17,SOLUSDT,system,close,S17 close SOLUSDT kind=time R=-1.48 pnl=-1.18 equity=77.58
538,1789905850918,3,S17,SOLUSDT,system,open,S17 open SOLUSDT short qty=11.02 @108.403 equity=78.93
537,1789905823181,3,S17,ETHUSDT,system,close,S17 close ETHUSDT kind=time R=-0.64 pnl=+0.02 equity=79.71
536,1789905778166,3,S17,ETHUSDT,system,open,S17 open ETHUSDT long qty=0.469 @2575.7 equity=79.85
535,1789905735339,3,S17,ETHUSDT,system,close,S17 close ETHUSDT kind=time R=-1.29 pnl=-0.73 equity=80.66
534,1789905690220,3,S17,ETHUSDT,system,open,S17 open ETHUSDT long qty=0.479 @2576.71 equity=81.74
533,1789905688779,3,S17,ETHUSDT,system,close,S17 close ETHUSDT kind=time R=-1.21 pnl=-0.79 equity=82.38
532,1789905660509,3,S01,SOLUSDT,system,reject,S01 reject SOLUSDT max_positions
531,1789905643427,3,S17,ETHUSDT,system,open,S17 open ETHUSDT long qty=0.489 @2577.61 equity=83.40
530,1789905625755,3,S17,SOLUSDT,system,close,S17 close SOLUSDT kind=time R=-0.89 pnl=-0.33 equity=84.17
529,1789905601424,3,S14,SOLUSDT,system,reject,S14 reject SOLUSDT max_positions
528,1789905601011,3,S14,BTCUSDT,system,reject,S14 reject BTCUSDT stop_too_tight:5.4bps<8
527,1789905601002,3,S02,BTCUSDT,system,reject,S02 reject BTCUSDT stop_too_tight:6.5bps<8
526,1789905580492,3,S17,SOLUSDT,system,open,S17 open SOLUSDT short qty=11.82 @108.434 equity=84.71
525,1789905579732,3,S17,SOLUSDT,system,close,S17 close SOLUSDT kind=time R=-0.95 pnl=-0.42 equity=85.53
524,1789905534461,3,S17,SOLUSDT,system,open,S17 open SOLUSDT short qty=12.03 @108.446 equity=86.18
523,1789905534438,3,S17,SOLUSDT,system,close,S17 close SOLUSDT kind=time R=-0.90 pnl=-0.41 equity=87.00
522,1789905489400,3,S17,SOLUSDT,system,open,S17 open SOLUSDT short qty=12.23 @108.45 equity=87.58
521,1789905489386,3,S17,SOLUSDT,system,close,S17 close SOLUSDT kind=time R=-0.79 pnl=-0.09 equity=88.47
520,1789905481255,3,S19,SOLUSDT,system,reject,S19 reject SOLUSDT stop_too_tight:5.5bps<8
519,1789905480160,3,S10,ETHUSDT,system,reject,S10 reject ETHUSDT max_positions
518,1789905444320,3,S17,SOLUSDT,system,open,S17 open SOLUSDT short qty=12.39 @108.495 equity=88.91
517,1789905444191,3,S17,SOLUSDT,system,close,S17 close SOLUSDT kind=time R=-0.87 pnl=-0.36 equity=89.64
516,1789905398865,3,S17,SOLUSDT,system,open,S17 open SOLUSDT short qty=12.58 @108.502 equity=90.19
515,1789905396477,3,S09,SOLUSDT,system,close,S09 close SOLUSDT kind=stop R=-1.29 pnl=-4.28 equity=88.72
514,1789905396473,3,S15,SOLUSDT,system,close,S15 close SOLUSDT kind=tp R=+0.56 pnl=+3.38 equity=105.36
513,1789905396468,3,S17,SOLUSDT,system,close,S17 close SOLUSDT kind=tp R=+1.33 pnl=+3.11 equity=91.09
512,1789905396463,3,S05,SOLUSDT,system,close,S05 close SOLUSDT kind=stop R=-1.76 pnl=-3.66 equity=95.14
511,1789905376583,3,S17,SOLUSDT,system,open,S17 open SOLUSDT short qty=12.3 @108.559 equity=88.25
510,1789905332644,3,S17,SOLUSDT,system,close,S17 close SOLUSDT kind=time R=-0.89 pnl=-0.32 equity=89.04
509,1789905300289,3,S15,SOLUSDT,system,open,S15 open SOLUSDT short qty=10.83 @108.579 equity=102.22
508,1789905300289,3,S09,SOLUSDT,system,open,S09 open SOLUSDT long qty=9.77 @108.622 equity=93.20
507,1789905300288,3,S05,SOLUSDT,system,open,S05 open SOLUSDT long qty=13.81 @108.625 equity=99.05
506,1789905287631,3,S17,SOLUSDT,system,open,S17 open SOLUSDT short qty=12.49 @108.579 equity=89.63
505,1789905284943,3,S09,SOLUSDT,system,close,S09 close SOLUSDT kind=stop R=-1.42 pnl=-5.18 equity=93.84
504,1789905284938,3,S15,SOLUSDT,system,close,S15 close SOLUSDT kind=tp R=+0.65 pnl=+3.63 equity=102.92
503,1789905240614,3,S09,SOLUSDT,system,open,S09 open SOLUSDT long qty=11.28 @108.59 equity=99.17
502,1789905206603,3,S17,BTCUSDT,system,close,S17 close BTCUSDT kind=time R=-1.16 pnl=-0.84 equity=90.44
501,1789905180344,3,S15,SOLUSDT,system,open,S15 open SOLUSDT short qty=10.55 @108.507 equity=99.60
500,1789905180343,3,S09,,system,life_respawned,S09 life_respawned life=3 balance=100.00 all_lives=-53.64
499,1789905180343,3,S09,,system,life_ended,S09 life_ended equity=74.86 realized=-25.61 trades=4 floor=75.00
498,1789905180333,3,S09,SOLUSDT,system,close,S09 close SOLUSDT kind=halt R=-0.33 pnl=-0.37 equity=74.39
497,1789905180333,3,S09,SOLUSDT,system,open,S09 open SOLUSDT long qty=7.97 @108.55 equity=74.86
496,1789905161222,3,S17,BTCUSDT,system,open,S17 open BTCUSDT short qty=0.0172 @80429.7 equity=91.49
495,1789905113528,3,S09,SOLUSDT,system,close,S09 close SOLUSDT kind=stop R=-1.99 pnl=-6.07 equity=75.45
494,1789905061255,3,S09,SOLUSDT,system,open,S09 open SOLUSDT long qty=9.88 @108.509 equity=81.76
493,1789905020948,3,S17,ETHUSDT,system,close,S17 close ETHUSDT kind=time R=-1.17 pnl=-0.72 equity=92.39
492,1789905005456,3,S09,SOLUSDT,system,close,S09 close SOLUSDT kind=stop R=-2.13 pnl=-7.22 equity=82.37
491,1789905001194,3,S09,SOLUSDT,system,open,S09 open SOLUSDT long qty=11.7 @108.501 equity=89.85
490,1789904975830,3,S17,ETHUSDT,system,open,S17 open ETHUSDT short qty=0.548 @2575.91 equity=93.45
489,1789904969191,3,S17,BTCUSDT,system,close,S17 close BTCUSDT kind=time R=-1.00 pnl=-0.41 equity=94.24
488,1789904945485,3,S09,SOLUSDT,system,close,S09 close SOLUSDT kind=stop R=-2.14 pnl=-8.20 equity=90.61
487,1789904940758,3,S09,SOLUSDT,system,open,S09 open SOLUSDT long qty=13.82 @108.492 equity=98.95
486,1789904923571,3,S17,BTCUSDT,system,open,S17 open BTCUSDT short qty=0.0178 @80424.9 equity=95.04
485,1789904919153,3,S17,ETHUSDT,system,close,S17 close ETHUSDT kind=time R=-1.29 pnl=-1.03 equity=95.79
484,1789904884742,3,S09,,system,life_respawned,S09 life_respawned life=2 balance=100.00 all_lives=-28.03
483,1789904884742,3,S09,,system,life_ended,S09 life_ended equity=71.97 realized=-28.03 trades=8 floor=75.00
482,1789904884721,3,S09,SOLUSDT,system,close,S09 close SOLUSDT kind=stop R=-1.45 pnl=-3.56 equity=71.97
481,1789904880529,3,S09,SOLUSDT,system,reject,S09 reject SOLUSDT max_positions
480,1789904873598,3,S17,ETHUSDT,system,open,S17 open ETHUSDT short qty=0.57 @2574.88 equity=97.12
479,1789904820610,3,S09,SOLUSDT,system,open,S09 open SOLUSDT long qty=10.58 @108.395 equity=75.83
478,1789904578185,3,S17,BTCUSDT,system,close,S17 close BTCUSDT kind=time R=-1.08 pnl=-0.80 equity=98.00
477,1789904532769,3,S17,BTCUSDT,system,open,S17 open BTCUSDT short qty=0.0186 @80407.9 equity=98.98
476,1789904406631,3,S17,,system,life_respawned,S17 life_respawned life=8 balance=100.00 all_lives=-179.30
475,1789904406631,3,S17,,system,life_ended,S17 life_ended equity=74.43 realized=-25.57 trades=18 floor=75.00
474,1789904406620,3,S17,BTCUSDT,system,close,S17 close BTCUSDT kind=time R=-1.02 pnl=-0.46 equity=74.43
473,1789904400418,3,S20,SOLUSDT,system,reject,S20 reject SOLUSDT stop_too_tight:5.7bps<8
472,1789904400176,3,S10,BTCUSDT,system,reject,S10 reject BTCUSDT stop_too_tight:4.3bps<8
471,1789904361562,3,S17,BTCUSDT,system,open,S17 open BTCUSDT short qty=0.0141 @80402.1 equity=75.10
470,1789904361344,3,S17,ETHUSDT,system,close,S17 close ETHUSDT kind=time R=+0.02 pnl=+0.94 equity=75.80
469,1789904316258,3,S17,ETHUSDT,system,open,S17 open ETHUSDT short qty=0.441 @2576.66 equity=75.20
468,1789904316188,3,S17,ETHUSDT,system,close,S17 close ETHUSDT kind=time R=-1.03 pnl=-0.48 equity=75.78
467,1789904281406,3,S09,ETHUSDT,system,reject,S09 reject ETHUSDT stop_too_tight:5.4bps<8
466,1789904270598,3,S17,ETHUSDT,system,open,S17 open ETHUSDT short qty=0.449 @2576.35 equity=76.46
465,1789904131098,3,S17,ETHUSDT,system,close,S17 close ETHUSDT kind=time R=-0.06 pnl=+0.85 equity=77.19
464,1789904102425,3,S20,SOLUSDT,system,close,S20 close SOLUSDT kind=stop R=-1.60 pnl=-2.98 equity=93.36
463,1789904102233,3,S20,SOLUSDT,system,open,S20 open SOLUSDT short qty=13.51 @108.169 equity=96.65
462,1789904100329,3,S06,BTCUSDT,system,reject,S06 reject BTCUSDT max_positions
461,1789904100148,3,S06,ETHUSDT,system,open,S06 open ETHUSDT long qty=0.552 @2575.11 equity=93.84
460,1789904086023,3,S17,ETHUSDT,system,open,S17 open ETHUSDT short qty=0.449 @2576.36 equity=76.55
459,1789904043052,3,S06,SOLUSDT,system,close,S06 close SOLUSDT kind=trail R=-0.43 pnl=-1.01 equity=94.83
458,1789903942197,3,S07,SOLUSDT,system,close,S07 close SOLUSDT kind=stop R=-1.39 pnl=-4.09 equity=88.82
457,1789903938092,3,S17,ETHUSDT,system,close,S17 close ETHUSDT kind=time R=-1.35 pnl=-0.99 equity=77.27
456,1789903920690,3,S19,SOLUSDT,system,close,S19 close SOLUSDT kind=time R=-0.99 pnl=-2.60 equity=79.04
455,1789903892305,3,S17,ETHUSDT,system,open,S17 open ETHUSDT short qty=0.461 @2573.1 equity=78.44
454,1789903892039,3,S20,SOLUSDT,system,close,S20 close SOLUSDT kind=stop R=-2.06 pnl=-2.22 equity=97.51
453,1789903578681,3,S17,ETHUSDT,system,close,S17 close ETHUSDT kind=time R=-0.92 pnl=-0.41 equity=79.21
452,1789903533663,3,S17,ETHUSDT,system,open,S17 open ETHUSDT short qty=0.47 @2571 equity=79.77
451,1789903528093,3,S17,ETHUSDT,system,close,S17 close ETHUSDT kind=time R=-1.10 pnl=-0.50 equity=80.59
450,1789903483047,3,S17,ETHUSDT,system,open,S17 open ETHUSDT short qty=0.478 @2571.09 equity=81.40
449,1789903406106,3,S17,BTCUSDT,system,close,S17 close BTCUSDT kind=time R=-0.94 pnl=-0.39 equity=82.06
448,1789903380301,3,S01,BTCUSDT,system,reject,S01 reject BTCUSDT stop_too_tight:3.9bps<8
447,1789903361055,3,S17,BTCUSDT,system,open,S17 open BTCUSDT long qty=0.0155 @80328 equity=82.68
446,1789903237405,3,S17,ETHUSDT,system,close,S17 close ETHUSDT kind=time R=-1.05 pnl=-0.63 equity=83.45
445,1789903201290,3,S07,SOLUSDT,system,reject,S07 reject SOLUSDT max_positions
444,1789903192294,3,S17,ETHUSDT,system,open,S17 open ETHUSDT short qty=0.496 @2570.22 equity=84.24
443,1789903174493,3,S17,ETHUSDT,system,close,S17 close ETHUSDT kind=time R=-0.10 pnl=+0.89 equity=85.09
442,1789903129442,3,S17,ETHUSDT,system,open,S17 open ETHUSDT long qty=0.497 @2568.7 equity=84.58
441,1789903108014,3,S17,ETHUSDT,system,close,S17 close ETHUSDT kind=time R=-1.17 pnl=-0.70 equity=85.23
440,1789903062487,3,S17,ETHUSDT,system,open,S17 open ETHUSDT long qty=0.507 @2569.61 equity=86.20
439,1789903037187,3,S17,ETHUSDT,system,close,S17 close ETHUSDT kind=time R=-1.03 pnl=-0.48 equity=86.96
438,1789902992001,3,S17,ETHUSDT,system,open,S17 open ETHUSDT long qty=0.516 @2570.44 equity=87.75
437,1789902979901,3,S17,BTCUSDT,system,close,S17 close BTCUSDT kind=time R=-0.96 pnl=-0.42 equity=88.50
436,1789902934835,3,S17,BTCUSDT,system,open,S17 open BTCUSDT long qty=0.0168 @80336.1 equity=89.19
435,1789902901540,3,S18,SOLUSDT,system,open,S18 open SOLUSDT short qty=4.8 @107.984 equity=97.41
434,1789902900307,3,S20,SOLUSDT,system,open,S20 open SOLUSDT short qty=14.02 @107.97 equity=99.92
433,1789902900303,3,S12,SOLUSDT,system,reject,S12 reject SOLUSDT max_positions
432,1789902600319,3,S02,ETHUSDT,system,reject,S02 reject ETHUSDT max_positions
431,1789902565851,3,S17,ETHUSDT,system,close,S17 close ETHUSDT kind=time R=-1.18 pnl=-0.74 equity=90.01
430,1789902520539,3,S17,ETHUSDT,system,open,S17 open ETHUSDT long qty=0.535 @2571.91 equity=91.06
429,1789902388473,3,S20,ETHUSDT,system,close,S20 close ETHUSDT kind=trail R=+0.47 pnl=+1.15 equity=100.95
428,1789902183095,3,S17,SOLUSDT,system,close,S17 close SOLUSDT kind=time R=-1.45 pnl=-1.41 equity=91.85
427,1789902137999,3,S17,SOLUSDT,system,open,S17 open SOLUSDT long qty=13.11 @108.03 equity=93.43
426,1789902109708,3,S17,SOLUSDT,system,close,S17 close SOLUSDT kind=time R=-1.24 pnl=-1.04 equity=94.40
425,1789902064220,3,S17,SOLUSDT,system,open,S17 open SOLUSDT long qty=13.4 @108.098 equity=95.64
424,1789902000637,3,S07,BTCUSDT,system,reject,S07 reject BTCUSDT stop_too_tight:6.0bps<8
423,1789902000609,3,S13,ETHUSDT,system,reject,S13 reject ETHUSDT max_positions
422,1789902000606,3,S04,ETHUSDT,system,reject,S04 reject ETHUSDT max_positions
421,1789901928574,3,S17,BTCUSDT,system,close,S17 close BTCUSDT kind=time R=-1.04 pnl=-0.75 equity=96.60
420,1789901883516,3,S17,BTCUSDT,system,open,S17 open BTCUSDT long qty=0.0184 @80340.4 equity=97.50
419,1789901858029,3,S17,ETHUSDT,system,close,S17 close ETHUSDT kind=time R=-0.78 pnl=-0.27 equity=98.53
418,1789901812972,3,S17,ETHUSDT,system,open,S17 open ETHUSDT long qty=0.583 @2570.75 equity=98.97
417,1789901807199,3,S17,,system,life_respawned,S17 life_respawned life=7 balance=100.00 all_lives=-153.73
416,1789901807199,3,S17,,system,life_ended,S17 life_ended equity=74.72 realized=-25.28 trades=17 floor=75.00
415,1789901807187,3,S17,BTCUSDT,system,close,S17 close BTCUSDT kind=time R=-1.11 pnl=-0.45 equity=74.72
414,1789901792544,3,S20,ETHUSDT,system,close,S20 close ETHUSDT kind=tp R=+0.08 pnl=+1.00 equity=101.85
413,1789901761798,3,S17,BTCUSDT,system,open,S17 open BTCUSDT long qty=0.0142 @80326.2 equity=75.50
412,1789901760475,3,S10,ETHUSDT,system,reject,S10 reject ETHUSDT max_positions
411,1789901760473,3,S08,ETHUSDT,system,open,S08 open ETHUSDT short qty=0.422 @2570.58 equity=93.72
410,1789901621532,3,S17,BTCUSDT,system,close,S17 close BTCUSDT kind=time R=-0.62 pnl=+0.10 equity=76.09
409,1789901576454,3,S17,BTCUSDT,system,open,S17 open BTCUSDT long qty=0.0143 @80351.1 equity=76.23
408,1789900997187,3,S17,SOLUSDT,system,close,S17 close SOLUSDT kind=time R=-1.12 pnl=-0.61 equity=76.90
407,1789900951799,3,S17,SOLUSDT,system,open,S17 open SOLUSDT short qty=10.89 @107.997 equity=77.73
406,1789900860351,3,S19,SOLUSDT,system,reject,S19 reject SOLUSDT stop_too_tight:5.6bps<8
405,1789900800733,3,S07,SOLUSDT,system,open,S07 open SOLUSDT short qty=13.05 @108.008 equity=93.32
404,1789900800540,3,S12,BTCUSDT,system,reject,S12 reject BTCUSDT stop_too_tight:5.6bps<8
403,1789900783938,3,S17,SOLUSDT,system,close,S17 close SOLUSDT kind=time R=-0.60 pnl=+0.18 equity=78.45
402,1789900738853,3,S17,SOLUSDT,system,open,S17 open SOLUSDT short qty=10.99 @108.028 equity=78.61
401,1789900680871,3,S10,BTCUSDT,system,reject,S10 reject BTCUSDT stop_too_tight:5.0bps<8
400,1789900580061,3,S17,ETHUSDT,system,close,S17 close ETHUSDT kind=time R=-0.07 pnl=+0.86 equity=79.22
399,1789900534430,3,S17,ETHUSDT,system,open,S17 open ETHUSDT short qty=0.461 @2575.71 equity=78.56
398,1789900534179,3,S17,ETHUSDT,system,close,S17 close ETHUSDT kind=time R=-1.02 pnl=-0.49 equity=79.31
397,1789900500645,3,S20,ETHUSDT,system,open,S20 open ETHUSDT short qty=0.582 @2575.6 equity=98.99
396,1789900500523,3,S20,,system,life_respawned,S20 life_respawned life=2 balance=100.00 all_lives=-25.94
395,1789900500523,3,S20,,system,life_ended,S20 life_ended equity=74.81 realized=-25.94 trades=13 floor=75.00
394,1789900500514,3,S20,SOLUSDT,system,close,S20 close SOLUSDT kind=halt R=-0.64 pnl=-0.50 equity=74.06
393,1789900500513,3,S20,SOLUSDT,system,open,S20 open SOLUSDT short qty=10.46 @108.17 equity=74.81
392,1789900489096,3,S17,ETHUSDT,system,open,S17 open ETHUSDT short qty=0.47 @2575.72 equity=80.01
391,1789900488873,3,S17,ETHUSDT,system,close,S17 close ETHUSDT kind=time R=-1.01 pnl=-0.49 equity=80.78
390,1789900443746,3,S17,ETHUSDT,system,open,S17 open ETHUSDT short qty=0.478 @2575.74 equity=81.48
389,1789900442590,3,S17,ETHUSDT,system,close,S17 close ETHUSDT kind=time R=-0.99 pnl=-0.37 equity=82.25
388,1789900397422,3,S17,ETHUSDT,system,open,S17 open ETHUSDT short qty=0.486 @2575.93 equity=82.93
387,1789900396996,3,S17,ETHUSDT,system,close,S17 close ETHUSDT kind=time R=-1.09 pnl=-0.50 equity=83.62
386,1789900351635,3,S17,ETHUSDT,system,open,S17 open ETHUSDT short qty=0.495 @2575.97 equity=84.46
385,1789900350241,3,S17,ETHUSDT,system,close,S17 close ETHUSDT kind=time R=-1.05 pnl=-0.66 equity=85.14
384,1789900320297,3,S19,SOLUSDT,system,open,S19 open SOLUSDT short qty=9.15 @108.007 equity=81.91
383,1789900320292,3,S01,SOLUSDT,system,reject,S01 reject SOLUSDT max_positions
382,1789900305237,3,S17,ETHUSDT,system,open,S17 open ETHUSDT short qty=0.505 @2575.58 equity=85.94
381,1789900304964,3,S17,ETHUSDT,system,close,S17 close ETHUSDT kind=time R=-1.10 pnl=-0.70 equity=86.83
380,1789900265442,3,S19,SOLUSDT,system,close,S19 close SOLUSDT kind=stop R=-1.40 pnl=-3.84 equity=82.42
379,1789900261550,3,S19,SOLUSDT,system,open,S19 open SOLUSDT long qty=12.1 @108.258 equity=86.45
378,1789900259879,3,S17,ETHUSDT,system,open,S17 open ETHUSDT short qty=0.515 @2575.68 equity=87.73
377,1789900045870,3,S17,ETHUSDT,system,close,S17 close ETHUSDT kind=time R=-1.06 pnl=-0.68 equity=88.59
376,1789900000724,3,S17,ETHUSDT,system,open,S17 open ETHUSDT short qty=0.526 @2573.5 equity=89.46
375,1789899900933,3,S20,ETHUSDT,system,reject,S20 reject ETHUSDT stop_too_tight:4.5bps<8
374,1789899900762,3,S01,SOLUSDT,system,open,S01 open SOLUSDT short qty=6.2 @108.056 equity=86.10
373,1789899900515,3,S20,BTCUSDT,system,close,S20 close BTCUSDT kind=vote_flip R=-0.74 pnl=-0.25 equity=75.47
372,1789899754398,3,S17,ETHUSDT,system,close,S17 close ETHUSDT kind=time R=-0.99 pnl=-0.53 equity=90.36
371,1789899727865,3,S19,SOLUSDT,system,close,S19 close SOLUSDT kind=stop R=-1.26 pnl=-4.14 equity=87.31
370,1789899720409,3,S19,SOLUSDT,system,open,S19 open SOLUSDT long qty=8.99 @108.406 equity=91.61
369,1789899720190,3,S19,BTCUSDT,system,close,S19 close BTCUSDT kind=time R=-0.90 pnl=-0.78 equity=92.23
368,1789899709331,3,S17,ETHUSDT,system,open,S17 open ETHUSDT long qty=0.536 @2574.25 equity=91.11
367,1789899709160,3,S17,ETHUSDT,system,close,S17 close ETHUSDT kind=time R=-1.10 pnl=-0.61 equity=91.99
366,1789899664147,3,S17,ETHUSDT,system,open,S17 open ETHUSDT long qty=0.546 @2574 equity=92.95
365,1789899606744,3,S17,ETHUSDT,system,close,S17 close ETHUSDT kind=time R=-1.16 pnl=-0.76 equity=93.73
364,1789899561705,3,S17,ETHUSDT,system,open,S17 open ETHUSDT long qty=0.556 @2575.95 equity=94.79
363,1789899547719,3,S17,ETHUSDT,system,close,S17 close ETHUSDT kind=time R=-0.98 pnl=-0.50 equity=95.64
362,1789899502571,3,S17,ETHUSDT,system,open,S17 open ETHUSDT long qty=0.566 @2576.06 equity=96.41
361,1789899469691,3,S17,ETHUSDT,system,close,S17 close ETHUSDT kind=time R=-1.55 pnl=-1.50 equity=97.31
360,1789899424649,3,S17,ETHUSDT,system,open,S17 open ETHUSDT long qty=0.581 @2578.34 equity=99.10
359,1789899423364,3,S17,,system,life_respawned,S17 life_respawned life=6 balance=100.00 all_lives=-128.46
358,1789899423364,3,S17,,system,life_ended,S17 life_ended equity=73.50 realized=-26.50 trades=16 floor=75.00
357,1789899423351,3,S17,SOLUSDT,system,close,S17 close SOLUSDT kind=stop R=-2.81 pnl=-2.57 equity=73.50
356,1789899419833,3,S17,SOLUSDT,system,open,S17 open SOLUSDT short qty=10.67 @108.167 equity=76.41
355,1789899300820,3,S20,BTCUSDT,system,open,S20 open BTCUSDT short qty=0.0143 @80328.3 equity=76.00
354,1789899251433,3,S09,SOLUSDT,system,close,S09 close SOLUSDT kind=stop R=-2.38 pnl=-4.81 equity=76.44
353,1789899251428,3,S20,SOLUSDT,system,close,S20 close SOLUSDT kind=be R=-0.71 pnl=-1.52 equity=76.64
352,1789899228531,3,S17,BTCUSDT,system,close,S17 close BTCUSDT kind=time R=-1.05 pnl=-0.55 equity=77.00
351,1789899183475,3,S17,BTCUSDT,system,open,S17 open BTCUSDT long qty=0.0146 @80357.1 equity=77.73
350,1789899181545,3,S09,SOLUSDT,system,reject,S09 reject SOLUSDT max_positions
349,1789899135491,3,S17,BTCUSDT,system,close,S17 close BTCUSDT kind=time R=-1.23 pnl=-0.61 equity=78.49
348,1789899121545,3,S09,SOLUSDT,system,open,S09 open SOLUSDT short qty=11.42 @107.983 equity=81.44
347,1789899090387,3,S17,BTCUSDT,system,open,S17 open BTCUSDT long qty=0.0149 @80362 equity=79.46
346,1789899088474,3,S17,BTCUSDT,system,close,S17 close BTCUSDT kind=time R=-0.95 pnl=-0.43 equity=80.06
345,1789899080062,3,S09,SOLUSDT,system,close,S09 close SOLUSDT kind=stop R=-1.58 pnl=-2.56 equity=82.24
344,1789899060185,3,S09,SOLUSDT,system,open,S09 open SOLUSDT short qty=11.91 @108.008 equity=85.05
343,1789899043302,3,S17,BTCUSDT,system,open,S17 open BTCUSDT long qty=0.0152 @80364.7 equity=80.67
342,1789899039917,3,S17,BTCUSDT,system,close,S17 close BTCUSDT kind=time R=-0.97 pnl=-0.41 equity=81.47
341,1789899000456,3,S12,SOLUSDT,system,reject,S12 reject SOLUSDT max_positions
340,1789898994895,3,S17,BTCUSDT,system,open,S17 open BTCUSDT long qty=0.0154 @80361.1 equity=82.12
339,1789898907043,3,S17,BTCUSDT,system,close,S17 close BTCUSDT kind=time R=-0.86 pnl=-0.18 equity=82.87
338,1789898861508,3,S17,BTCUSDT,system,open,S17 open BTCUSDT short qty=0.0156 @80358.2 equity=83.38
337,1789898805745,3,S09,SOLUSDT,system,close,S09 close SOLUSDT kind=trail R=-0.60 pnl=-0.14 equity=85.83
336,1789898738291,3,S17,BTCUSDT,system,close,S17 close BTCUSDT kind=time R=-0.97 pnl=-0.47 equity=84.06
335,1789898693189,3,S17,BTCUSDT,system,open,S17 open BTCUSDT long qty=0.0159 @80476.2 equity=84.72
334,1789898541480,3,S17,SOLUSDT,system,close,S17 close SOLUSDT kind=time R=-0.90 pnl=-0.37 equity=85.55
333,1789898496344,3,S17,SOLUSDT,system,open,S17 open SOLUSDT short qty=12.03 @108.343 equity=86.13
332,1789898451180,3,S17,BTCUSDT,system,close,S17 close BTCUSDT kind=time R=-0.85 pnl=-0.34 equity=86.97
331,1789898405977,3,S17,BTCUSDT,system,open,S17 open BTCUSDT long qty=0.0164 @80460 equity=87.47
330,1789898405968,3,S17,ETHUSDT,system,close,S17 close ETHUSDT kind=time R=-0.93 pnl=-0.46 equity=88.36
329,1789898400577,3,S20,SOLUSDT,system,open,S20 open SOLUSDT short qty=10.04 @108.249 equity=78.38
328,1789898400571,3,S06,SOLUSDT,system,open,S06 open SOLUSDT short qty=8.71 @108.24 equity=95.96
327,1789898360768,3,S17,ETHUSDT,system,open,S17 open ETHUSDT long qty=0.522 @2579.45 equity=89.00
326,1789898351189,3,S17,BTCUSDT,system,close,S17 close BTCUSDT kind=time R=-1.03 pnl=-0.41 equity=89.90
325,1789898305766,3,S17,BTCUSDT,system,open,S17 open BTCUSDT long qty=0.017 @80457.5 equity=90.71
324,1789898186852,3,S17,ETHUSDT,system,close,S17 close ETHUSDT kind=time R=-1.13 pnl=-0.58 equity=91.41
323,1789898141778,3,S17,ETHUSDT,system,open,S17 open ETHUSDT long qty=0.541 @2580.5 equity=92.39
322,1789898095181,3,S17,ETHUSDT,system,close,S17 close ETHUSDT kind=time R=-1.17 pnl=-0.70 equity=93.11
321,1789898050127,3,S17,ETHUSDT,system,open,S17 open ETHUSDT long qty=0.551 @2581.37 equity=94.17
320,1789897970008,3,S17,SOLUSDT,system,close,S17 close SOLUSDT kind=time R=-1.08 pnl=-0.78 equity=94.94
319,1789897924968,3,S17,SOLUSDT,system,open,S17 open SOLUSDT long qty=13.4 @108.46 equity=95.90
318,1789897924133,3,S17,SOLUSDT,system,close,S17 close SOLUSDT kind=time R=-1.04 pnl=-0.55 equity=96.88
317,1789897878749,3,S17,SOLUSDT,system,open,S17 open SOLUSDT long qty=13.64 @108.448 equity=97.78
316,1789897860379,3,S01,ETHUSDT,system,reject,S01 reject ETHUSDT stop_too_tight:6.6bps<8
315,1789897860273,3,S09,SOLUSDT,system,open,S09 open SOLUSDT short qty=12.03 @108.4 equity=86.13
314,1789897849106,3,S17,BTCUSDT,system,close,S17 close BTCUSDT kind=time R=-0.84 pnl=-0.19 equity=98.61
313,1789897826298,3,S09,SOLUSDT,system,close,S09 close SOLUSDT kind=stop R=-2.12 pnl=-2.62 equity=87.01
312,1789897803198,3,S17,BTCUSDT,system,open,S17 open BTCUSDT short qty=0.0186 @80460.5 equity=99.19
311,1789897801081,3,S09,SOLUSDT,system,open,S09 open SOLUSDT short qty=12.54 @108.423 equity=89.84
310,1789897801078,3,S14,SOLUSDT,system,reject,S14 reject SOLUSDT max_positions
309,1789897800694,3,S14,BTCUSDT,system,reject,S14 reject BTCUSDT stop_too_tight:7.3bps<8
308,1789897771068,3,S17,,system,life_respawned,S17 life_respawned life=5 balance=100.00 all_lives=-101.96
307,1789897771068,3,S17,,system,life_ended,S17 life_ended equity=74.86 realized=-25.14 trades=15 floor=75.00
306,1789897771061,3,S17,ETHUSDT,system,close,S17 close ETHUSDT kind=time R=-0.89 pnl=-0.30 equity=74.86
305,1789897768446,3,S01,SOLUSDT,system,close,S01 close SOLUSDT kind=stop R=-3.75 pnl=-4.19 equity=86.45
304,1789897725363,3,S17,ETHUSDT,system,open,S17 open ETHUSDT long qty=0.441 @2582.32 equity=75.35
303,1789897681259,3,S01,SOLUSDT,system,open,S01 open SOLUSDT short qty=12.68 @108.473 equity=90.98
302,1789897650021,3,S17,ETHUSDT,system,close,S17 close ETHUSDT kind=time R=-0.80 pnl=-0.19 equity=76.07
301,1789897604374,3,S17,ETHUSDT,system,open,S17 open ETHUSDT short qty=0.448 @2582.36 equity=76.44
300,1789897561101,3,S10,SOLUSDT,system,reject,S10 reject SOLUSDT max_positions
299,1789897412526,3,S17,SOLUSDT,system,close,S17 close SOLUSDT kind=time R=-0.68 pnl=+0.04 equity=77.19
298,1789897367431,3,S17,SOLUSDT,system,open,S17 open SOLUSDT short qty=10.77 @108.742 equity=77.44
297,1789897365947,3,S17,BTCUSDT,system,close,S17 close BTCUSDT kind=time R=-1.13 pnl=-0.60 equity=78.09
296,1789897334441,3,S07,ETHUSDT,system,close,S07 close ETHUSDT kind=tp R=+1.84 pnl=+4.38 equity=94.04
295,1789897320777,3,S17,BTCUSDT,system,open,S17 open BTCUSDT short qty=0.0148 @80530.5 equity=78.94
294,1789897320201,3,S19,BTCUSDT,system,reject,S19 reject BTCUSDT max_positions
293,1789897319914,3,S17,SOLUSDT,system,close,S17 close SOLUSDT kind=time R=-1.53 pnl=-1.37 equity=79.65
292,1789897274837,3,S17,SOLUSDT,system,open,S17 open SOLUSDT short qty=11.31 @108.668 equity=81.15
291,1789897267488,3,S17,SOLUSDT,system,close,S17 close SOLUSDT kind=time R=-1.52 pnl=-1.20 equity=82.00
290,1789897222382,3,S17,SOLUSDT,system,open,S17 open SOLUSDT short qty=11.62 @108.6 equity=83.47
289,1789897210346,3,S17,ETHUSDT,system,close,S17 close ETHUSDT kind=time R=-1.45 pnl=-1.02 equity=84.21
288,1789897166385,3,S08,ETHUSDT,system,close,S08 close ETHUSDT kind=stop R=-1.32 pnl=-4.65 equity=94.36
287,1789897165205,3,S17,ETHUSDT,system,open,S17 open ETHUSDT short qty=0.501 @2581.8 equity=85.57
286,1789897136861,3,S17,ETHUSDT,system,close,S17 close ETHUSDT kind=time R=-1.21 pnl=-0.77 equity=86.26
285,1789897091769,3,S17,ETHUSDT,system,open,S17 open ETHUSDT short qty=0.511 @2580.75 equity=87.32
284,1789896900456,3,S13,BTCUSDT,system,reject,S13 reject BTCUSDT max_positions
283,1789896900439,3,S04,BTCUSDT,system,reject,S04 reject BTCUSDT max_positions
282,1789896830792,3,S17,BTCUSDT,system,close,S17 close BTCUSDT kind=time R=-1.02 pnl=-0.38 equity=88.09
281,1789896785656,3,S17,BTCUSDT,system,open,S17 open BTCUSDT long qty=0.0167 @80383.9 equity=88.87
280,1789896743422,3,S17,BTCUSDT,system,close,S17 close BTCUSDT kind=time R=-1.06 pnl=-0.63 equity=89.55
279,1789896698328,3,S17,BTCUSDT,system,open,S17 open BTCUSDT short qty=0.017 @80350.2 equity=90.41
278,1789896661316,3,S10,BTCUSDT,system,reject,S10 reject BTCUSDT stop_too_tight:2.3bps<8
277,1789896528173,3,S17,SOLUSDT,system,close,S17 close SOLUSDT kind=time R=-1.09 pnl=-0.53 equity=91.27
276,1789896483139,3,S17,SOLUSDT,system,open,S17 open SOLUSDT short qty=12.85 @108.357 equity=92.18
275,1789896441680,3,S17,ETHUSDT,system,close,S17 close ETHUSDT kind=time R=-0.90 pnl=-0.36 equity=92.91
274,1789896396270,3,S17,ETHUSDT,system,open,S17 open ETHUSDT short qty=0.548 @2579.11 equity=93.53
273,1789896344046,3,S17,BTCUSDT,system,close,S17 close BTCUSDT kind=time R=-0.91 pnl=-0.47 equity=94.40
272,1789896298938,3,S17,BTCUSDT,system,open,S17 open BTCUSDT short qty=0.0179 @80322.9 equity=95.05
271,1789896290125,3,S17,BTCUSDT,system,close,S17 close BTCUSDT kind=time R=-1.07 pnl=-0.62 equity=96.02
270,1789896245124,3,S17,BTCUSDT,system,open,S17 open BTCUSDT short qty=0.0182 @80330.1 equity=96.96
269,1789896235380,3,S17,ETHUSDT,system,close,S17 close ETHUSDT kind=time R=-1.16 pnl=-0.98 equity=97.82
268,1789896190347,3,S17,ETHUSDT,system,open,S17 open ETHUSDT short qty=0.581 @2578.22 equity=98.96
267,1789896180271,3,S19,BTCUSDT,system,reject,S19 reject BTCUSDT stop_too_tight:1.7bps<8
266,1789896172410,3,S20,ETHUSDT,system,close,S20 close ETHUSDT kind=stop R=-1.71 pnl=-2.03 equity=79.02
265,1789896155327,3,S17,,system,life_respawned,S17 life_respawned life=4 balance=100.00 all_lives=-76.82
264,1789896155327,3,S17,,system,life_ended,S17 life_ended equity=74.95 realized=-25.05 trades=14 floor=75.00
263,1789896155317,3,S17,BTCUSDT,system,close,S17 close BTCUSDT kind=time R=-1.02 pnl=-0.47 equity=74.95
262,1789896120129,3,S19,BTCUSDT,system,open,S19 open BTCUSDT long qty=0.0175 @80354 equity=93.17
261,1789896120124,3,S08,BTCUSDT,system,reject,S08 reject BTCUSDT rr_below_min:1.48<1.5
260,1789896110277,3,S17,BTCUSDT,system,open,S17 open BTCUSDT short qty=0.0142 @80310.3 equity=75.62
259,1789896109365,3,S06,BTCUSDT,system,close,S06 close BTCUSDT kind=trail R=-0.98 pnl=-0.75 equity=96.60
258,1789896098982,3,S01,BTCUSDT,system,close,S01 close BTCUSDT kind=stop R=-1.82 pnl=-1.94 equity=91.75
257,1789896060411,3,S01,BTCUSDT,system,open,S01 open BTCUSDT short qty=0.0177 @80226.6 equity=93.92
256,1789895836509,3,S17,SOLUSDT,system,close,S17 close SOLUSDT kind=time R=-1.24 pnl=-0.85 equity=76.33
255,1789895791256,3,S17,SOLUSDT,system,open,S17 open SOLUSDT short qty=10.82 @108.181 equity=77.34
254,1789895707880,3,S09,SOLUSDT,system,close,S09 close SOLUSDT kind=trail R=-0.47 pnl=+0.03 equity=90.73
253,1789895692423,3,S17,SOLUSDT,system,close,S17 close SOLUSDT kind=stop R=-2.13 pnl=-2.05 equity=78.12
252,1789895683933,3,S17,SOLUSDT,system,open,S17 open SOLUSDT short qty=11.25 @108.118 equity=80.41
251,1789895591046,3,S17,SOLUSDT,system,close,S17 close SOLUSDT kind=time R=-0.96 pnl=-0.48 equity=81.15
250,1789895545827,3,S17,SOLUSDT,system,open,S17 open SOLUSDT short qty=11.44 @108.23 equity=81.78
249,1789895485176,3,S17,SOLUSDT,system,close,S17 close SOLUSDT kind=time R=-1.02 pnl=-0.42 equity=82.62
248,1789895439949,3,S17,SOLUSDT,system,open,S17 open SOLUSDT short qty=11.64 @108.243 equity=83.35
247,1789895439748,3,S17,BTCUSDT,system,close,S17 close BTCUSDT kind=time R=-1.27 pnl=-0.95 equity=84.05
246,1789895394586,3,S17,BTCUSDT,system,open,S17 open BTCUSDT short qty=0.016 @80219.2 equity=85.19
245,1789895375014,3,S17,ETHUSDT,system,close,S17 close ETHUSDT kind=time R=-1.10 pnl=-0.58 equity=86.03
244,1789895329723,3,S17,ETHUSDT,system,open,S17 open ETHUSDT long qty=0.51 @2575.13 equity=86.91
243,1789895317015,3,S17,SOLUSDT,system,close,S17 close SOLUSDT kind=time R=-1.33 pnl=-1.13 equity=87.65
242,1789895272000,3,S17,SOLUSDT,system,open,S17 open SOLUSDT short qty=12.46 @108.131 equity=88.96
241,1789895196163,3,S17,SOLUSDT,system,close,S17 close SOLUSDT kind=time R=-1.27 pnl=-0.98 equity=89.86
240,1789895151067,3,S17,SOLUSDT,system,open,S17 open SOLUSDT short qty=12.75 @108.145 equity=91.07
239,1789895140262,3,S17,SOLUSDT,system,close,S17 close SOLUSDT kind=time R=-1.04 pnl=-0.46 equity=91.95
238,1789895100261,3,S20,ETHUSDT,system,open,S20 open ETHUSDT short qty=0.477 @2574.62 equity=81.20
237,1789895100258,3,S07,ETHUSDT,system,open,S07 open ETHUSDT long qty=0.528 @2576.07 equity=89.82
236,1789895095242,3,S17,SOLUSDT,system,open,S17 open SOLUSDT short qty=12.96 @108.166 equity=92.80
235,1789895090169,3,S17,BTCUSDT,system,close,S17 close BTCUSDT kind=time R=-0.70 pnl=-0.07 equity=93.53
234,1789895045062,3,S17,BTCUSDT,system,open,S17 open BTCUSDT long qty=0.0177 @80248.7 equity=93.80
233,1789895011718,3,S17,BTCUSDT,system,close,S17 close BTCUSDT kind=time R=-1.10 pnl=-0.54 equity=94.74
232,1789894966517,3,S17,BTCUSDT,system,open,S17 open BTCUSDT long qty=0.018 @80236.6 equity=95.70
231,1789894963263,3,S20,SOLUSDT,system,close,S20 close SOLUSDT kind=be R=-0.12 pnl=+0.30 equity=82.04
230,1789894953525,3,S17,BTCUSDT,system,close,S17 close BTCUSDT kind=time R=-0.95 pnl=-0.51 equity=96.44
229,1789894946922,3,S03,SOLUSDT,system,close,S03 close SOLUSDT kind=be R=-0.06 pnl=+0.30 equity=96.66
228,1789894908412,3,S17,BTCUSDT,system,open,S17 open BTCUSDT long qty=0.0183 @80248 equity=97.16
227,1789894908145,3,S17,BTCUSDT,system,close,S17 close BTCUSDT kind=time R=-1.03 pnl=-0.68 equity=98.12
226,1789894863117,3,S17,BTCUSDT,system,open,S17 open BTCUSDT long qty=0.0186 @80248.5 equity=99.02
225,1789894863077,3,S17,,system,life_respawned,S17 life_respawned life=3 balance=100.00 all_lives=-51.77
224,1789894863077,3,S17,,system,life_ended,S17 life_ended equity=74.39 realized=-25.61 trades=16 floor=75.00
223,1789894863071,3,S17,SOLUSDT,system,close,S17 close SOLUSDT kind=time R=-1.19 pnl=-0.65 equity=74.39
222,1789894860731,3,S09,SOLUSDT,system,reject,S09 reject SOLUSDT max_positions
221,1789894818032,3,S17,SOLUSDT,system,open,S17 open SOLUSDT short qty=10.54 @108.05 equity=75.28
220,1789894800531,3,S09,SOLUSDT,system,open,S09 open SOLUSDT long qty=12.74 @108.089 equity=91.01
219,1789894800520,3,S02,SOLUSDT,system,reject,S02 reject SOLUSDT max_positions
218,1789894733914,3,S17,SOLUSDT,system,close,S17 close SOLUSDT kind=time R=-1.12 pnl=-0.71 equity=75.95
217,1789894688860,3,S17,SOLUSDT,system,open,S17 open SOLUSDT short qty=10.77 @107.978 equity=76.79
216,1789894669714,3,S07,SOLUSDT,system,close,S07 close SOLUSDT kind=tp R=+2.17 pnl=+4.59 equity=90.75
215,1789894669710,3,S01,SOLUSDT,system,close,S01 close SOLUSDT kind=stop R=-1.13 pnl=-2.06 equity=94.82
214,1789894431101,3,S17,ETHUSDT,system,close,S17 close ETHUSDT kind=time R=-0.75 pnl=-0.06 equity=77.59
213,1789894385806,3,S17,ETHUSDT,system,open,S17 open ETHUSDT long qty=0.458 @2573.33 equity=77.92
212,1789894382065,3,S09,SOLUSDT,system,close,S09 close SOLUSDT kind=stop R=-2.29 pnl=-3.38 equity=91.80
211,1789894382062,3,S09,SOLUSDT,system,open,S09 open SOLUSDT short qty=13.41 @107.722 equity=95.52
210,1789894281979,3,S17,ETHUSDT,system,close,S17 close ETHUSDT kind=time R=-1.34 pnl=-1.06 equity=78.59
209,1789894260262,3,S09,BTCUSDT,system,reject,S09 reject BTCUSDT stop_too_tight:2.5bps<8
208,1789894236389,3,S17,ETHUSDT,system,open,S17 open ETHUSDT long qty=0.47 @2572.02 equity=79.78
207,1789894106660,3,S17,ETHUSDT,system,close,S17 close ETHUSDT kind=time R=-1.00 pnl=-0.51 equity=80.62
206,1789894061185,3,S17,ETHUSDT,system,open,S17 open ETHUSDT long qty=0.478 @2572.55 equity=81.30
205,1789894060174,3,S17,ETHUSDT,system,close,S17 close ETHUSDT kind=time R=-1.31 pnl=-0.93 equity=82.11
204,1789894014714,3,S17,ETHUSDT,system,open,S17 open ETHUSDT long qty=0.49 @2573.3 equity=83.28
203,1789894012014,3,S17,SOLUSDT,system,close,S17 close SOLUSDT kind=time R=-0.75 pnl=+0.00 equity=84.05
202,1789893966917,3,S17,SOLUSDT,system,open,S17 open SOLUSDT short qty=11.81 @108.008 equity=84.43
201,1789893959173,3,S17,ETHUSDT,system,close,S17 close ETHUSDT kind=time R=-0.34 pnl=+0.52 equity=85.07
200,1789893913911,3,S17,ETHUSDT,system,open,S17 open ETHUSDT long qty=0.499 @2572.54 equity=84.82
199,1789893913577,3,S17,ETHUSDT,system,close,S17 close ETHUSDT kind=time R=-1.03 pnl=-0.51 equity=85.58
198,1789893900879,3,S06,ETHUSDT,system,reject,S06 reject ETHUSDT max_positions
197,1789893868449,3,S17,ETHUSDT,system,open,S17 open ETHUSDT long qty=0.508 @2572.53 equity=86.36
196,1789893867249,3,S17,SOLUSDT,system,close,S17 close SOLUSDT kind=time R=-1.27 pnl=-0.98 equity=87.13
195,1789893822211,3,S17,SOLUSDT,system,open,S17 open SOLUSDT long qty=12.38 @107.996 equity=88.31
194,1789893799362,3,S17,ETHUSDT,system,close,S17 close ETHUSDT kind=time R=-1.04 pnl=-0.41 equity=89.17
193,1789893780301,3,S08,ETHUSDT,system,open,S08 open ETHUSDT short qty=0.48 @2573.25 equity=99.22
192,1789893754253,3,S17,ETHUSDT,system,open,S17 open ETHUSDT long qty=0.528 @2574.1 equity=89.99
191,1789893616204,3,S17,BTCUSDT,system,close,S17 close BTCUSDT kind=time R=-1.11 pnl=-0.80 equity=90.68
190,1789893600383,3,S07,BTCUSDT,system,reject,S07 reject BTCUSDT stop_too_tight:4.4bps<8
189,1789893600382,3,S06,BTCUSDT,system,open,S06 open BTCUSDT short qty=0.0184 @80308.1 equity=97.78
188,1789893571187,3,S17,BTCUSDT,system,open,S17 open BTCUSDT long qty=0.0172 @80343.2 equity=91.63
187,1789893571071,3,S17,BTCUSDT,system,close,S17 close BTCUSDT kind=time R=-1.12 pnl=-0.75 equity=92.58
186,1789893540272,3,S01,BTCUSDT,system,reject,S01 reject BTCUSDT max_positions
185,1789893525496,3,S17,BTCUSDT,system,open,S17 open BTCUSDT long qty=0.0176 @80343.9 equity=93.58
184,1789893491904,3,S17,SOLUSDT,system,close,S17 close SOLUSDT kind=time R=-0.70 pnl=-0.06 equity=94.46
183,1789893446707,3,S17,SOLUSDT,system,open,S17 open SOLUSDT short qty=13.26 @108.193 equity=94.74
182,1789893417989,3,S17,ETHUSDT,system,close,S17 close ETHUSDT kind=time R=-1.10 pnl=-0.53 equity=95.67
181,1789893372779,3,S17,ETHUSDT,system,open,S17 open ETHUSDT long qty=0.566 @2576.62 equity=96.64
180,1789893360170,3,S01,BTCUSDT,system,reject,S01 reject BTCUSDT stop_too_tight:2.2bps<8
179,1789893310418,3,S17,SOLUSDT,system,close,S17 close SOLUSDT kind=time R=-1.51 pnl=-1.43 equity=97.37
178,1789893300223,3,S20,SOLUSDT,system,open,S20 open SOLUSDT short qty=9.48 @108.175 equity=82.00
177,1789893300222,3,S13,SOLUSDT,system,reject,S13 reject SOLUSDT max_positions
176,1789893300221,3,S12,SOLUSDT,system,reject,S12 reject SOLUSDT max_positions
175,1789893300221,3,S07,SOLUSDT,system,reject,S07 reject SOLUSDT max_positions
174,1789893300219,3,S04,SOLUSDT,system,reject,S04 reject SOLUSDT max_positions
173,1789893300219,3,S03,SOLUSDT,system,open,S03 open SOLUSDT short qty=6.46 @108.17 equity=96.52
172,1789893265348,3,S17,SOLUSDT,system,open,S17 open SOLUSDT long qty=13.85 @108.272 equity=99.10
171,1789893240291,3,S10,SOLUSDT,system,reject,S10 reject SOLUSDT max_positions
170,1789893061007,3,S10,BTCUSDT,system,reject,S10 reject BTCUSDT stop_too_tight:1.1bps<8
169,1789893048730,3,S20,SOLUSDT,system,close,S20 close SOLUSDT kind=vote_flip R=-0.78 pnl=-0.38 equity=82.55
168,1789893048279,3,S18,ETHUSDT,system,close,S18 close ETHUSDT kind=rotate R=+0.24 pnl=+0.69 equity=97.70
167,1789893048225,3,S17,,system,life_respawned,S17 life_respawned life=2 balance=100.00 all_lives=-26.17
166,1789893048225,3,S17,,system,life_ended,S17 life_ended equity=73.83 realized=-26.17 trades=22 floor=75.00
165,1789893048222,3,S05,,system,life_respawned,S05 life_respawned life=2 balance=100.00 all_lives=-28.05
164,1789893048221,3,S05,,system,life_ended,S05 life_ended equity=71.95 realized=-28.05 trades=8 floor=75.00
163,1789893000515,3,S11,SOLUSDT,system,close,S11 close SOLUSDT kind=regime R=-0.01 pnl=+0.09 equity=102.33
162,1789892700557,3,S14,BTCUSDT,system,reject,S14 reject BTCUSDT stop_too_tight
161,1789892340466,3,S10,SOLUSDT,system,reject,S10 reject SOLUSDT max_positions
160,1789892100610,3,S07,SOLUSDT,system,reject,S07 reject SOLUSDT max_positions
159,1789891801209,3,S14,ETHUSDT,system,reject,S14 reject ETHUSDT max_positions
158,1789890840364,3,S10,BTCUSDT,system,reject,S10 reject BTCUSDT stop_too_tight
157,1789890300575,3,S07,SOLUSDT,system,open,S07 open SOLUSDT short qty=6.26 @108.458 equity=86.22
156,1789890001152,3,S20,SOLUSDT,system,open,S20 open SOLUSDT short qty=11.57 @108.568 equity=83.17
155,1789890001149,3,S12,SOLUSDT,system,reject,S12 reject SOLUSDT max_positions
154,1789889280607,3,S01,ETHUSDT,system,reject,S01 reject ETHUSDT max_positions
153,1789889254724,3,S07,ETHUSDT,system,close,S07 close ETHUSDT kind=stop R=-1.62 pnl=-2.48 equity=86.63
152,1789889220836,3,S01,BTCUSDT,system,reject,S01 reject BTCUSDT stop_too_tight
151,1789888260380,3,S10,BTCUSDT,system,reject,S10 reject BTCUSDT max_positions
150,1789888200787,3,S20,ETHUSDT,system,reject,S20 reject ETHUSDT stop_too_tight
149,1789887951281,3,S20,SOLUSDT,system,close,S20 close SOLUSDT kind=stop R=-1.36 pnl=-1.97 equity=83.82
148,1789887905365,3,S03,BTCUSDT,system,close,S03 close BTCUSDT kind=stop R=-1.43 pnl=-2.39 equity=96.92
147,1789887901550,3,S11,SOLUSDT,system,open,S11 open SOLUSDT short qty=1.12 @108.684 equity=102.24
146,1789886821091,3,S10,BTCUSDT,system,reject,S10 reject BTCUSDT stop_too_tight
145,1789886700273,3,S13,ETHUSDT,system,reject,S13 reject ETHUSDT max_positions
144,1789886700270,3,S07,ETHUSDT,system,open,S07 open ETHUSDT short qty=0.482 @2570.95 equity=89.27
143,1789886564560,3,S11,SOLUSDT,system,close,S11 close SOLUSDT kind=tp R=+2.43 pnl=+0.86 equity=102.32
142,1789886564556,3,S11,SOLUSDT,system,close,S11 close SOLUSDT kind=tp R=+1.92 pnl=+0.80 equity=102.39
141,1789886400487,3,S06,SOLUSDT,system,open,S06 open SOLUSDT short qty=2.46 @108.272 equity=99.85
140,1789885839014,3,S07,BTCUSDT,system,close,S07 close BTCUSDT kind=stop R=-1.93 pnl=-1.86 equity=90.10
139,1789885800919,3,S14,ETHUSDT,system,reject,S14 reject ETHUSDT max_positions
138,1789885500916,3,S20,SOLUSDT,system,open,S20 open SOLUSDT short qty=6.28 @108.561 equity=85.94
137,1789885500914,3,S12,SOLUSDT,system,reject,S12 reject SOLUSDT max_positions
136,1789885200637,3,S07,BTCUSDT,system,open,S07 open BTCUSDT long qty=0.0173 @80521.5 equity=92.15
135,1789885082095,3,S01,SOLUSDT,system,reject,S01 reject SOLUSDT max_positions
134,1789885004046,3,S20,ETHUSDT,system,close,S20 close ETHUSDT kind=stop R=-1.83 pnl=-2.05 equity=86.33
133,1789884972151,3,S07,ETHUSDT,system,close,S07 close ETHUSDT kind=stop R=-1.53 pnl=-2.43 equity=93.08
132,1789884480077,3,S10,ETHUSDT,system,reject,S10 reject ETHUSDT max_positions
131,1789883160558,3,S10,ETHUSDT,system,reject,S10 reject ETHUSDT stop_too_tight
130,1789883100299,3,S07,ETHUSDT,system,open,S07 open ETHUSDT short qty=0.466 @2573.79 equity=95.70
129,1789882500392,3,S13,BTCUSDT,system,reject,S13 reject BTCUSDT max_positions
128,1789882407863,3,S07,ETHUSDT,system,close,S07 close ETHUSDT kind=stop R=-1.60 pnl=-2.55 equity=96.47
127,1789881900504,3,S07,ETHUSDT,system,open,S07 open ETHUSDT short qty=0.477 @2575.07 equity=99.30
126,1789881900124,3,S14,BTCUSDT,system,reject,S14 reject BTCUSDT max_positions
125,1789881600982,3,S20,ETHUSDT,system,open,S20 open ETHUSDT short qty=0.52 @2577.33 equity=88.77
124,1789881600979,3,S12,ETHUSDT,system,reject,S12 reject ETHUSDT max_positions
123,1789881480468,3,S01,SOLUSDT,system,reject,S01 reject SOLUSDT max_positions
122,1789881001469,3,S03,BTCUSDT,system,open,S03 open BTCUSDT long qty=0.0107 @80508.8 equity=99.50
121,1789880820707,3,S10,SOLUSDT,system,reject,S10 reject SOLUSDT max_positions
120,1789880453539,3,S05,,system,halt,S05 HALTED: equity 71.95 <= floor 75.00 (-25% of its book)
119,1789880453536,3,S05,SOLUSDT,system,close,S05 close SOLUSDT kind=stop R=-2.68 pnl=-3.72 equity=71.95
118,1789880221323,3,S05,SOLUSDT,system,open,S05 open SOLUSDT long qty=9.98 @109.059 equity=75.92
117,1789880110296,3,S05,SOLUSDT,system,close,S05 close SOLUSDT kind=stop R=-1.91 pnl=-2.39 equity=76.54
116,1789880100970,3,S05,SOLUSDT,system,open,S05 open SOLUSDT long qty=10.98 @109.096 equity=79.23
115,1789880055543,3,S05,SOLUSDT,system,close,S05 close SOLUSDT kind=stop R=-2.61 pnl=-3.75 equity=79.88
114,1789879980430,3,S05,SOLUSDT,system,open,S05 open SOLUSDT long qty=11.65 @108.999 equity=83.91
113,1789879380571,3,S10,BTCUSDT,system,reject,S10 reject BTCUSDT stop_too_tight
112,1789879098740,3,S05,SOLUSDT,system,close,S05 close SOLUSDT kind=stop R=-3.20 pnl=-1.90 equity=84.65
111,1789879080179,3,S05,SOLUSDT,system,open,S05 open SOLUSDT long qty=12.05 @109.004 equity=86.90
110,1789878953275,3,S05,SOLUSDT,system,close,S05 close SOLUSDT kind=stop R=-2.23 pnl=-1.58 equity=87.59
109,1789878397680,3,S20,SOLUSDT,system,close,S20 close SOLUSDT kind=stop R=-1.70 pnl=-2.39 equity=89.45
108,1789878361363,3,S05,SOLUSDT,system,open,S05 open SOLUSDT long qty=12.42 @108.982 equity=89.56
107,1789878300187,3,S20,SOLUSDT,system,open,S20 open SOLUSDT short qty=12.81 @108.812 equity=92.18
106,1789878120850,3,S15,SOLUSDT,system,close,S15 close SOLUSDT kind=time R=+0.09 pnl=+0.65 equity=100.20
105,1789878011885,3,S05,SOLUSDT,system,close,S05 close SOLUSDT kind=stop R=-3.96 pnl=-3.38 equity=90.26
104,1789878000728,3,S05,SOLUSDT,system,open,S05 open SOLUSDT short qty=13.07 @108.72 equity=93.94
103,1789878000725,3,S12,SOLUSDT,system,reject,S12 reject SOLUSDT max_positions
102,1789877889274,3,S05,SOLUSDT,system,close,S05 close SOLUSDT kind=stop R=-2.20 pnl=-1.26 equity=94.77
101,1789877880403,3,S05,SOLUSDT,system,open,S05 open SOLUSDT long qty=13.38 @108.983 equity=96.31
100,1789877820593,3,S01,SOLUSDT,system,reject,S01 reject SOLUSDT max_positions
99,1789877701304,3,S20,SOLUSDT,system,reject,S20 reject SOLUSDT stop_too_tight
98,1789877701302,3,S12,SOLUSDT,system,open,S12 open SOLUSDT short qty=2.87 @108.757 equity=99.81
97,1789877400344,3,S14,ETHUSDT,system,reject,S14 reject ETHUSDT max_positions
96,1789877400140,3,S14,SOLUSDT,system,open,S14 open SOLUSDT short qty=5.14 @108.803 equity=96.36
95,1789877160483,3,S05,SOLUSDT,system,close,S05 close SOLUSDT kind=stop R=-2.01 pnl=-1.61 equity=97.20
94,1789877160095,3,S05,SOLUSDT,system,reject,S05 reject SOLUSDT max_positions
93,1789877100783,3,S05,SOLUSDT,system,open,S05 open SOLUSDT long qty=13.76 @109.002 equity=99.24
92,1789877100779,3,S11,SOLUSDT,system,open,S11 open SOLUSDT short qty=1.1 @108.966 equity=100.65
91,1789876981840,3,S10,ETHUSDT,system,reject,S10 reject ETHUSDT max_positions
90,1789876566349,3,S20,BTCUSDT,system,close,S20 close BTCUSDT kind=stop R=-1.58 pnl=-2.39 equity=92.96
89,1789876566347,3,S19,BTCUSDT,system,close,S19 close BTCUSDT kind=stop R=-1.55 pnl=-2.41 equity=94.13
88,1789876501074,3,S11,SOLUSDT,system,open,S11 open SOLUSDT short qty=1.11 @108.919 equity=100.77
87,1789876320450,3,S15,SOLUSDT,system,open,S15 open SOLUSDT short qty=5.11 @108.849 equity=99.62
86,1789876267673,3,S11,SOLUSDT,system,close,S11 close SOLUSDT kind=tp R=+0.68 pnl=+0.53 equity=100.85
85,1789876200382,3,S11,SOLUSDT,system,open,S11 open SOLUSDT short qty=1.1 @108.668 equity=100.33
84,1789876197640,3,S14,SOLUSDT,system,close,S14 close SOLUSDT kind=stop R=-1.55 pnl=-2.84 equity=96.72
83,1789875780316,3,S10,BTCUSDT,system,reject,S10 reject BTCUSDT stop_too_tight
82,1789875600285,3,S14,SOLUSDT,system,open,S14 open SOLUSDT short qty=5.05 @108.146 equity=99.66
81,1789875599329,3,S11,SOLUSDT,system,close,S11 close SOLUSDT kind=tp R=+0.64 pnl=+0.51 equity=100.41
80,1789875009323,3,S17,BTCUSDT,system,close,S17 close BTCUSDT kind=halt R=-1.84 pnl=-0.57 equity=73.83
79,1789875009323,3,S17,,system,halt,S17 HALTED: equity 74.62 <= floor 75.00 (-25% of its book)
78,1789875009319,3,S17,BTCUSDT,system,open,S17 open BTCUSDT long qty=0.014 @80366.4 equity=74.62
77,1789875005235,3,S17,ETHUSDT,system,close,S17 close ETHUSDT kind=time R=-1.60 pnl=-0.37 equity=75.31
76,1789875000448,3,S20,BTCUSDT,system,open,S20 open BTCUSDT short qty=0.0144 @80336.8 equity=95.64
75,1789874945169,3,S17,ETHUSDT,system,open,S17 open ETHUSDT long qty=0.444 @2584.52 equity=75.91
74,1789874913366,3,S17,ETHUSDT,system,close,S17 close ETHUSDT kind=time R=-1.01 pnl=+0.08 equity=76.60
73,1789874880591,3,S19,BTCUSDT,system,open,S19 open BTCUSDT short qty=0.0148 @80336.4 equity=96.80
72,1789874853154,3,S17,ETHUSDT,system,open,S17 open ETHUSDT short qty=0.449 @2584.66 equity=76.73
71,1789874700342,3,S11,SOLUSDT,system,open,S11 open SOLUSDT short qty=1.1 @108.67 equity=99.92
70,1789874592370,3,S17,SOLUSDT,system,close,S17 close SOLUSDT kind=stop R=-3.59 pnl=-1.64 equity=77.45
69,1789874591862,3,S17,SOLUSDT,system,open,S17 open SOLUSDT short qty=11.04 @108.669 equity=79.45
68,1789874533707,3,S17,SOLUSDT,system,close,S17 close SOLUSDT kind=stop R=-2.77 pnl=-1.23 equity=80.05
67,1789874517385,3,S19,ETHUSDT,system,close,S19 close ETHUSDT kind=stop R=-1.20 pnl=-2.18 equity=97.50
66,1789874511167,3,S17,SOLUSDT,system,open,S17 open SOLUSDT short qty=11.35 @108.654 equity=81.59
65,1789874460800,3,S01,SOLUSDT,system,open,S01 open SOLUSDT long qty=2.31 @108.58 equity=96.94
64,1789874458495,3,S17,SOLUSDT,system,close,S17 close SOLUSDT kind=stop R=-2.46 pnl=-1.36 equity=82.26
63,1789874452988,3,S20,SOLUSDT,system,close,S20 close SOLUSDT kind=stop R=-1.32 pnl=-2.34 equity=96.28
62,1789874444810,3,S17,SOLUSDT,system,open,S17 open SOLUSDT short qty=11.7 @108.462 equity=83.80
61,1789874400457,3,S20,SOLUSDT,system,open,S20 open SOLUSDT short qty=5.97 @108.149 equity=98.70
60,1789874356652,3,S17,ETHUSDT,system,close,S17 close ETHUSDT kind=time R=-0.59 pnl=+0.43 equity=84.63
59,1789874296644,3,S17,ETHUSDT,system,open,S17 open ETHUSDT long qty=0.495 @2578.57 equity=84.35
58,1789874246608,3,S17,SOLUSDT,system,close,S17 close SOLUSDT kind=stop R=-5.25 pnl=-3.21 equity=85.22
57,1789874240309,3,S17,SOLUSDT,system,open,S17 open SOLUSDT long qty=12.42 @108.032 equity=88.82
56,1789874188912,3,S17,ETHUSDT,system,close,S17 close ETHUSDT kind=tp R=+0.43 pnl=+1.44 equity=89.51
55,1789874171521,3,S17,ETHUSDT,system,open,S17 open ETHUSDT long qty=0.52 @2570.2 equity=88.39
54,1789874115089,3,S20,BTCUSDT,system,close,S20 close BTCUSDT kind=tp R=+1.19 pnl=+2.83 equity=99.14
53,1789874108197,3,S01,SOLUSDT,system,close,S01 close SOLUSDT kind=stop R=-1.36 pnl=-2.29 equity=97.11
52,1789874100686,3,S01,SOLUSDT,system,reject,S01 reject SOLUSDT max_positions
51,1789874100685,3,S18,ETHUSDT,system,open,S18 open ETHUSDT short qty=0.106 @2583.3 equity=97.01
50,1789874100306,3,S04,BTCUSDT,system,open,S04 open BTCUSDT short qty=0.0039 @80278.4 equity=99.82
49,1789873920252,3,S01,SOLUSDT,system,open,S01 open SOLUSDT long qty=6.98 @108.289 equity=99.57
48,1789873800709,3,S20,BTCUSDT,system,open,S20 open BTCUSDT short qty=0.0181 @80456.9 equity=96.46
47,1789873800700,3,S02,BTCUSDT,system,reject,S02 reject BTCUSDT max_positions
46,1789873773447,3,S17,SOLUSDT,system,close,S17 close SOLUSDT kind=tp R=+0.30 pnl=+1.33 equity=89.13
45,1789873738560,3,S17,SOLUSDT,system,open,S17 open SOLUSDT short qty=12.28 @108.452 equity=88.10
44,1789873625003,3,S17,BTCUSDT,system,close,S17 close BTCUSDT kind=time R=-1.89 pnl=-0.92 equity=88.86
43,1789873621000,3,S19,BTCUSDT,system,reject,S19 reject BTCUSDT max_positions
42,1789873620457,3,S19,ETHUSDT,system,open,S19 open ETHUSDT short qty=0.154 @2581.07 equity=99.76
41,1789873599607,3,S20,SOLUSDT,system,close,S20 close SOLUSDT kind=stop R=-1.20 pnl=-2.23 equity=97.47
40,1789873589536,3,S16,SOLUSDT,system,close,S16 close SOLUSDT kind=funding_normalised R=+1.03 pnl=+2.53 equity=102.14
39,1789873564633,3,S17,BTCUSDT,system,open,S17 open BTCUSDT short qty=0.0169 @80407.9 equity=89.94
38,1789873528644,3,S16,SOLUSDT,system,open,S16 open SOLUSDT long qty=4.59 @107.517 equity=99.73
37,1789873502069,3,S02,ETHUSDT,system,open,S02 open ETHUSDT long qty=0.15 @2578.45 equity=99.79
36,1789873462249,3,S17,BTCUSDT,system,close,S17 close BTCUSDT kind=time R=-1.21 pnl=+0.06 equity=90.87
35,1789873402133,3,S17,BTCUSDT,system,open,S17 open BTCUSDT long qty=0.0171 @80277.7 equity=91.19
34,1789873401975,3,S17,ETHUSDT,system,close,S17 close ETHUSDT kind=tp R=+0.20 pnl=+1.31 equity=91.91
33,1789873395580,3,S17,ETHUSDT,system,open,S17 open ETHUSDT long qty=0.535 @2571.68 equity=90.82
32,1789873355674,3,S17,SOLUSDT,system,close,S17 close SOLUSDT kind=time R=-2.00 pnl=-1.08 equity=91.71
31,1789873320355,3,S10,ETHUSDT,system,reject,S10 reject ETHUSDT max_positions
30,1789873295265,3,S17,SOLUSDT,system,open,S17 open SOLUSDT long qty=13.1 @107.55 equity=92.95
29,1789873275321,3,S17,ETHUSDT,system,close,S17 close ETHUSDT kind=tp R=+0.64 pnl=+1.67 equity=93.91
28,1789873275095,3,S17,ETHUSDT,system,open,S17 open ETHUSDT long qty=0.543 @2575.77 equity=92.65
27,1789873262511,3,S17,BTCUSDT,system,close,S17 close BTCUSDT kind=tp R=+1.14 pnl=+2.21 equity=93.37
26,1789873244900,3,S17,BTCUSDT,system,open,S17 open BTCUSDT long qty=0.0172 @80314.3 equity=91.44
25,1789873242501,3,S17,SOLUSDT,system,close,S17 close SOLUSDT kind=time R=-2.02 pnl=-0.72 equity=92.26
24,1789873203772,3,S18,ETHUSDT,system,close,S18 close ETHUSDT kind=stop R=-1.36 pnl=-2.54 equity=97.20
23,1789873203624,3,S09,ETHUSDT,system,close,S09 close ETHUSDT kind=stop R=-1.63 pnl=-2.98 equity=96.34
22,1789873200624,3,S18,ETHUSDT,system,open,S18 open ETHUSDT short qty=0.125 @2572.41 equity=99.80
21,1789873200563,3,S20,SOLUSDT,system,open,S20 open SOLUSDT short qty=3.44 @107.498 equity=99.74
20,1789873200559,3,S13,SOLUSDT,system,reject,S13 reject SOLUSDT max_positions
19,1789873200314,3,S13,ETHUSDT,system,open,S13 open ETHUSDT short qty=0.054 @2572.4 equity=99.91
18,1789873200312,3,S09,ETHUSDT,system,open,S09 open ETHUSDT short qty=0.33 @2572.39 equity=99.42
17,1789873200306,3,S04,ETHUSDT,system,reject,S04 reject ETHUSDT rr_below_min:0.04<1.5
16,1789873200300,3,S10,ETHUSDT,system,open,S10 open ETHUSDT short qty=0.095 @2572.4 equity=104.80
15,1789873182266,3,S17,SOLUSDT,system,open,S17 open SOLUSDT long qty=13.12 @107.566 equity=93.34
14,1789873159447,3,S10,ETHUSDT,system,close,S10 close ETHUSDT kind=tp R=+2.25 pnl=+5.69 equity=104.97
13,1789873153898,3,S17,SOLUSDT,system,close,S17 close SOLUSDT kind=stop R=-2.49 pnl=-1.40 equity=94.11
12,1789873116757,3,S17,SOLUSDT,system,open,S17 open SOLUSDT long qty=13.46 @107.702 equity=95.79
11,1789873080292,3,S10,ETHUSDT,system,reject,S10 reject ETHUSDT max_positions
10,1789873079000,3,S17,BTCUSDT,system,close,S17 close BTCUSDT kind=tp R=+0.42 pnl=+1.54 equity=96.66
9,1789873058415,3,S17,BTCUSDT,system,open,S17 open BTCUSDT long qty=0.0179 @80391 equity=95.50
8,1789873049511,3,S17,SOLUSDT,system,close,S17 close SOLUSDT kind=stop R=-2.48 pnl=-1.47 equity=96.28
7,1789873038492,3,S17,SOLUSDT,system,open,S17 open SOLUSDT long qty=13.76 @107.844 equity=98.01
6,1789872992875,3,S17,SOLUSDT,system,close,S17 close SOLUSDT kind=stop R=-2.53 pnl=-1.33 equity=98.93
5,1789872963292,3,S17,SOLUSDT,system,open,S17 open SOLUSDT long qty=14.08 @108.087 equity=100.63
4,1789872960309,3,S10,ETHUSDT,system,open,S10 open ETHUSDT short qty=0.35 @2588.4 equity=99.42
3,1789872918159,3,S17,ETHUSDT,system,close,S17 close ETHUSDT kind=tp R=+1.42 pnl=+2.68 equity=101.48
2,1789872917988,3,S17,ETHUSDT,system,open,S17 open ETHUSDT short qty=0.578 @2593.94 equity=99.11
1,1789872911286,3,,,system,wallet_rebased,"wallet_rebased: from_epoch=2, epoch=3, closed_positions=0, balance_each=100.0"
