entry_local,exit_local,entry,exit,symbol,side,net,fees,funding,r,kind
2024-10-01 22:16:00,2024-10-01 23:01:00,1727801160000,1727803860000,AMZN,short,-0.316796,0.073688,0.0,-0.0345,time
2024-10-02 20:16:00,2024-10-02 20:33:19,1727880360000,1727881399999,AMZN,short,-9.336322,0.118518,0.0,-1.2204,stop
2024-10-03 00:01:00,2024-10-03 00:46:00,1727893860000,1727896560000,AMZN,short,-1.449769,0.096404,0.0,-0.1978,time
2024-10-03 22:16:00,2024-10-03 23:01:00,1727973960000,1727976660000,AMZN,short,0.772977,0.094851,0.0,0.0794,time
2024-10-03 23:36:00,2024-10-04 00:21:00,1727978760000,1727981460000,AMZN,short,0.116767,0.109393,0.0,0.0167,time
2024-10-04 00:26:00,2024-10-04 01:11:00,1727981760000,1727984460000,AMZN,short,0.475758,0.116581,0.0,0.0726,time
2024-10-07 21:11:00,2024-10-07 21:56:00,1728315660000,1728318360000,AMZN,short,6.876556,0.116191,0.0,1.1118,time
2024-10-07 22:46:00,2024-10-07 23:31:00,1728321360000,1728324060000,AMZN,short,0.132971,0.101571,0.0,0.0189,time
2024-10-07 23:41:00,2024-10-08 00:17:39,1728324660000,1728326859999,AMZN,short,9.093552,0.10123,0.0,1.3345,tp
2024-10-08 22:11:00,2024-10-08 22:56:00,1728405660000,1728408360000,AMZN,short,3.041983,0.109053,0.0,0.4316,time
2024-10-09 22:01:00,2024-10-09 22:46:00,1728491460000,1728494160000,AMZN,long,3.400528,0.110795,0.0,0.4904,time
2024-10-09 23:46:00,2024-10-10 00:31:00,1728497760000,1728500460000,AMZN,long,2.061206,0.118546,0.0,0.291,time
2024-10-10 20:16:00,2024-10-10 20:31:19,1728571560000,1728572479999,AMZN,long,-9.195576,0.096889,0.0,-1.0994,stop
2024-10-10 21:11:00,2024-10-10 21:56:00,1728574860000,1728577560000,AMZN,long,14.22313,0.119437,0.0,2.6338,time
2024-10-10 22:26:00,2024-10-10 23:11:00,1728579360000,1728582060000,AMZN,long,4.350011,0.10486,0.0,0.6229,time
2024-10-10 23:31:00,2024-10-10 23:54:19,1728583260000,1728584659999,AMZN,long,-9.366459,0.104687,0.0,-1.0364,stop
2024-10-11 21:06:00,2024-10-11 21:51:00,1728660960000,1728663660000,AMZN,long,-3.931246,0.120824,0.0,-0.4824,time
2024-10-11 22:01:00,2024-10-11 22:46:00,1728664260000,1728666960000,AMZN,long,1.079978,0.105805,0.0,0.1476,time
2024-10-11 22:56:00,2024-10-11 23:41:00,1728667560000,1728670260000,AMZN,long,-1.25225,0.098366,0.0,-0.1743,time
2024-10-11 23:51:00,2024-10-12 00:36:00,1728670860000,1728673560000,AMZN,long,0.959249,0.121183,0.0,0.1283,time
2024-10-14 19:16:00,2024-10-14 20:01:00,1728913560000,1728916260000,AMZN,long,-6.302619,0.068121,0.0,-0.6984,time
2024-10-14 21:36:00,2024-10-14 22:21:00,1728921960000,1728924660000,AMZN,long,-2.509145,0.120535,0.0,-0.4112,time
2024-10-15 21:01:00,2024-10-15 21:04:19,1729006260000,1729006459999,AMZN,short,-8.081304,0.118947,0.0,-1.0931,stop
2024-10-15 21:26:00,2024-10-15 21:49:19,1729007760000,1729009159999,AMZN,short,-10.110181,0.081733,0.0,-1.112,stop
2024-10-15 22:01:00,2024-10-15 22:46:00,1729009860000,1729012560000,AMZN,short,-0.314862,0.11156,0.0,-0.0546,time
2024-10-16 21:46:00,2024-10-16 22:01:19,1729095360000,1729096279999,AMZN,short,-7.149604,0.096772,0.0,-1.0973,stop
2024-10-16 22:06:00,2024-10-16 22:51:00,1729096560000,1729099260000,AMZN,short,0.351096,0.096726,0.0,0.0504,time
2024-10-16 22:56:00,2024-10-16 23:41:00,1729099560000,1729102260000,AMZN,short,-3.231352,0.111687,0.0,-0.5913,time
2024-10-17 22:16:00,2024-10-17 22:28:19,1729183560000,1729184299999,AMZN,long,-6.588346,0.112809,0.0,-1.1503,stop
2024-10-17 22:36:00,2024-10-17 23:21:00,1729184760000,1729187460000,AMZN,long,3.914634,0.098038,0.0,0.4752,time
2024-10-18 00:31:00,2024-10-18 01:16:00,1729191660000,1729194360000,AMZN,long,-2.618159,0.105123,0.0,-0.3232,time
2024-10-18 19:16:00,2024-10-18 20:01:00,1729259160000,1729261860000,AMZN,long,1.78796,0.030139,0.0,0.2348,time
2024-10-18 20:16:00,2024-10-18 20:34:39,1729262760000,1729263879999,AMZN,long,11.805449,0.113412,0.0,1.601,tp
2024-10-18 21:51:00,2024-10-18 22:06:39,1729268460000,1729269399999,AMZN,long,14.677746,0.113895,0.0,1.9828,tp
2024-10-18 23:46:00,2024-10-19 00:31:00,1729275360000,1729278060000,AMZN,long,5.291312,0.114024,0.0,0.6144,time
2024-10-21 23:01:00,2024-10-21 23:46:00,1729531860000,1729534560000,AMZN,long,-0.840674,0.083096,0.0,-0.127,time
2024-10-21 23:51:00,2024-10-22 00:29:19,1729534860000,1729537159999,AMZN,long,-4.434025,0.113115,0.0,-1.0897,stop
2024-10-22 19:36:00,2024-10-22 20:21:00,1729605960000,1729608660000,AMZN,long,-0.02599,0.037947,0.0,-0.0028,time
2024-10-22 20:26:00,2024-10-22 21:11:00,1729608960000,1729611660000,AMZN,long,-2.267914,0.091158,0.0,-0.2879,time
2024-10-22 21:16:00,2024-10-22 21:59:19,1729611960000,1729614559999,AMZN,long,-7.339636,0.098599,0.0,-1.0524,stop
2024-10-22 22:21:00,2024-10-22 23:06:00,1729615860000,1729618560000,AMZN,long,2.632756,0.076018,0.0,0.3794,time
2024-10-23 20:31:00,2024-10-23 20:58:39,1729695660000,1729697319999,AMZN,short,11.840983,0.089746,0.0,1.2833,tp
2024-10-24 19:26:00,2024-10-24 19:43:00,1729778160000,1729779180000,AMZN,short,-6.529004,0.066789,0.0,-1.1094,stop
2024-10-24 21:21:00,2024-10-24 21:56:19,1729785060000,1729787179999,AMZN,short,-10.954954,0.10428,0.0,-1.1376,stop
2024-10-25 00:36:00,2024-10-25 00:43:19,1729796760000,1729797199999,AMZN,short,-7.605466,0.111882,0.0,-1.3167,stop
2024-10-25 20:31:00,2024-10-25 21:16:00,1729868460000,1729871160000,AMZN,long,-5.656324,0.083422,0.0,-0.6122,time
2024-10-25 21:21:00,2024-10-25 21:26:19,1729871460000,1729871779999,AMZN,long,-8.433933,0.113505,0.0,-1.4943,stop
2024-10-25 21:51:00,2024-10-25 22:36:00,1729873260000,1729875960000,AMZN,long,-2.33601,0.068309,0.0,-0.2675,time
2024-10-26 00:21:00,2024-10-26 00:36:19,1729882260000,1729883179999,AMZN,long,-6.729144,0.113028,0.0,-1.1013,stop
2024-10-28 20:56:00,2024-10-28 21:41:00,1730129160000,1730131860000,AMZN,long,-1.412538,0.10605,0.0,-0.1633,time
2024-10-28 21:51:00,2024-10-28 22:36:00,1730132460000,1730135160000,AMZN,long,-3.68363,0.098451,0.0,-0.5254,time
2024-10-28 22:56:00,2024-10-28 23:41:00,1730136360000,1730139060000,AMZN,long,-3.519911,0.105987,0.0,-0.5097,time
2024-10-29 00:11:00,2024-10-29 00:56:00,1730140860000,1730143560000,AMZN,long,-1.743704,0.105918,0.0,-0.31,time
2024-10-29 20:31:00,2024-10-29 21:16:00,1730214060000,1730216760000,AMZN,long,5.974164,0.098522,0.0,0.7609,time
2024-10-29 21:51:00,2024-10-29 22:36:00,1730218860000,1730221560000,AMZN,long,8.855421,0.098839,0.0,1.226,time
2024-10-30 20:51:00,2024-10-30 21:36:00,1730301660000,1730304360000,AMZN,long,7.345828,0.100849,0.0,0.8404,time
2024-10-30 21:56:00,2024-10-30 22:41:00,1730305560000,1730308260000,AMZN,long,0.45374,0.100949,0.0,0.0688,time
2024-10-31 00:16:00,2024-10-31 00:36:19,1730313960000,1730315179999,AMZN,long,-7.109478,0.108298,0.0,-1.2555,stop
2024-10-31 23:01:00,2024-10-31 23:46:00,1730395860000,1730398560000,AMZN,short,6.283213,0.096703,0.0,0.7315,time
2024-11-01 00:21:00,2024-11-01 00:28:19,1730400660000,1730401099999,AMZN,short,-6.914674,0.111411,0.0,-1.3576,stop
2024-11-01 21:36:00,2024-11-01 21:51:19,1730477160000,1730478079999,AMZN,long,-15.284691,0.095489,0.0,-1.8469,stop
2024-11-01 23:56:00,2024-11-02 00:41:00,1730485560000,1730488260000,AMZN,long,1.240315,0.10315,0.0,0.15,time
2024-11-04 21:21:00,2024-11-04 21:56:19,1730735460000,1730737579999,AMZN,long,-7.496048,0.062919,0.0,-1.0578,stop
2024-11-05 00:11:00,2024-11-05 00:56:00,1730745660000,1730748360000,AMZN,long,0.572522,0.10973,0.0,0.0906,time
2024-11-05 01:06:00,2024-11-05 01:42:19,1730748960000,1730751139999,AMZN,long,-6.857973,0.101811,0.0,-1.0548,stop
2024-11-05 21:11:00,2024-11-05 21:37:39,1730821260000,1730822859999,AMZN,long,7.891514,0.086876,0.0,1.1218,tp
2024-11-06 00:26:00,2024-11-06 01:11:00,1730832960000,1730835660000,AMZN,long,-0.337494,0.095587,0.0,-0.0504,time
2024-11-06 01:16:00,2024-11-06 02:01:00,1730835960000,1730838660000,AMZN,long,-2.133259,0.11157,0.0,-0.2764,time
2024-11-06 23:21:00,2024-11-07 00:06:00,1730915460000,1730918160000,AMZN,long,-2.08386,0.098656,0.0,-0.2618,time
2024-11-07 00:16:00,2024-11-07 01:01:00,1730918760000,1730921460000,AMZN,long,-2.144396,0.106827,0.0,-0.3313,time
2024-11-07 01:36:00,2024-11-07 02:21:00,1730923560000,1730926260000,AMZN,long,0.967514,0.082226,0.0,0.1129,time
2024-11-07 22:31:00,2024-11-07 22:33:19,1730998860000,1730998999999,AMZN,long,-6.376604,0.109555,0.0,-1.2381,stop
2024-11-08 01:11:00,2024-11-08 01:12:19,1731008460000,1731008539999,AMZN,long,-7.851388,0.108944,0.0,-1.063,stop
2024-11-08 01:31:00,2024-11-08 02:16:00,1731009660000,1731012360000,AMZN,long,4.112959,0.092445,0.0,0.4938,time
2024-11-08 21:46:00,2024-11-08 22:31:00,1731082560000,1731085260000,AMZN,long,3.972815,0.083658,0.0,0.4943,time
2024-11-08 22:51:00,2024-11-08 23:36:00,1731086460000,1731089160000,AMZN,long,-0.982436,0.07531,0.0,-0.1563,time
2024-11-09 00:06:00,2024-11-09 00:42:19,1731090960000,1731093139999,AMZN,long,-7.172834,0.100255,0.0,-1.0816,stop
2024-11-09 01:11:00,2024-11-09 01:32:19,1731094860000,1731096139999,AMZN,long,-7.416932,0.083465,0.0,-1.1298,stop
2024-11-12 23:46:00,2024-11-13 00:31:00,1731435360000,1731438060000,AMZN,long,5.363462,0.075019,0.0,0.6866,time
2024-11-13 20:51:00,2024-11-13 21:30:39,1731511260000,1731513639999,AMZN,long,8.268475,0.050767,0.0,1.0968,tp
2024-11-14 01:41:00,2024-11-14 02:26:00,1731528660000,1731531360000,AMZN,long,1.732553,0.102624,0.0,0.2192,time
2024-11-14 21:26:00,2024-11-14 21:53:19,1731599760000,1731601399999,AMZN,long,-9.5448,0.067928,0.0,-1.1008,stop
2024-11-14 22:16:00,2024-11-14 23:01:00,1731602760000,1731605460000,AMZN,long,-0.55388,0.059593,0.0,-0.0654,time
2024-11-14 23:11:00,2024-11-14 23:19:19,1731606060000,1731606559999,AMZN,long,-9.324812,0.085063,0.0,-1.2151,stop
2024-11-14 23:36:00,2024-11-15 00:21:00,1731607560000,1731610260000,AMZN,long,-5.656091,0.085046,0.0,-0.7244,time
2024-11-15 01:11:00,2024-11-15 01:34:19,1731613260000,1731614659999,AMZN,long,-8.922323,0.093291,0.0,-1.5104,stop
2024-11-15 23:11:00,2024-11-15 23:31:39,1731692460000,1731693699999,AMZN,short,9.2791,0.072888,0.0,1.1661,tp
2024-11-16 00:41:00,2024-11-16 01:26:00,1731697860000,1731700560000,AMZN,short,4.515428,0.080325,0.0,0.5543,time
2024-11-18 21:26:00,2024-11-18 22:11:00,1731945360000,1731948060000,AMZN,short,-1.186585,0.048713,0.0,-0.1428,time
2024-11-18 22:21:00,2024-11-18 23:06:00,1731948660000,1731951360000,AMZN,short,1.306662,0.080983,0.0,0.1543,time
2024-11-18 23:46:00,2024-11-19 00:31:00,1731953760000,1731956460000,AMZN,short,-0.130845,0.096883,0.0,-0.0211,time
2024-11-19 00:41:00,2024-11-19 01:26:00,1731957060000,1731959760000,AMZN,short,-5.154215,0.096898,0.0,-0.8259,time
2024-11-20 21:36:00,2024-11-20 22:17:00,1732118760000,1732121220000,AMZN,short,-6.615786,0.096651,0.0,-1.0652,stop
2024-11-20 22:46:00,2024-11-20 23:31:00,1732122960000,1732125660000,AMZN,short,1.589782,0.0725,0.0,0.2137,time
2024-11-20 23:41:00,2024-11-21 00:26:00,1732126260000,1732128960000,AMZN,short,-0.150114,0.104556,0.0,-0.0211,time
2024-11-21 01:26:00,2024-11-21 01:59:00,1732132560000,1732134540000,AMZN,short,-6.410897,0.104758,0.0,-1.0535,stop
2024-11-22 00:36:00,2024-11-22 01:21:00,1732215960000,1732218660000,AMZN,short,0.010345,0.063264,0.0,0.0013,time
2024-11-22 20:21:00,2024-11-22 21:06:00,1732287060000,1732289760000,AMZN,short,1.640752,0.031583,0.0,0.2485,time
2024-11-22 21:51:00,2024-11-22 22:36:00,1732292460000,1732295160000,AMZN,short,-2.389664,0.039522,0.0,-0.3195,time
2024-11-22 23:06:00,2024-11-22 23:51:00,1732296960000,1732299660000,AMZN,short,-2.364474,0.094942,0.0,-0.2916,time
2024-11-23 00:01:00,2024-11-23 00:46:00,1732300260000,1732302960000,AMZN,short,5.850342,0.102705,0.0,0.8136,time
2024-11-23 01:36:00,2024-11-23 01:57:19,1732305960000,1732307239999,AMZN,short,-6.42036,0.102639,0.0,-1.0595,stop
2024-11-26 22:11:00,2024-11-26 22:14:19,1732639260000,1732639459999,AMZN,long,-4.795411,0.098894,0.0,-1.1022,stop
2024-11-26 22:31:00,2024-11-26 22:43:00,1732640460000,1732641180000,AMZN,long,-7.706938,0.098824,0.0,-1.1277,stop
2024-11-26 23:16:00,2024-11-27 00:01:00,1732643160000,1732645860000,AMZN,long,3.572604,0.082488,0.0,0.4238,time
2024-11-27 01:01:00,2024-11-27 01:46:00,1732649460000,1732652160000,AMZN,long,5.035143,0.082723,0.0,0.6546,time
2024-11-27 21:06:00,2024-11-27 21:41:19,1732721760000,1732723879999,AMZN,long,-6.654528,0.0494,0.0,-1.0484,stop
2024-11-27 23:11:00,2024-11-27 23:41:39,1732729260000,1732731099999,AMZN,long,10.175314,0.09888,0.0,1.7799,tp
2024-11-28 01:01:00,2024-11-28 01:06:19,1732735860000,1732736179999,AMZN,long,-6.589676,0.090946,0.0,-1.0841,stop
2024-11-28 01:36:00,2024-11-28 01:50:00,1732737960000,1732738800000,AMZN,long,-6.425678,0.082535,0.0,-1.1059,stop
2024-11-29 20:31:00,2024-11-29 21:16:00,1732892460000,1732895160000,AMZN,long,0.448923,0.041217,0.0,0.0627,time
2024-11-29 21:46:00,2024-11-29 22:31:00,1732896960000,1732899660000,AMZN,long,2.717059,0.090792,0.0,0.338,time
2024-11-29 22:41:00,2024-11-29 23:18:39,1732900260000,1732902519999,AMZN,long,10.483327,0.099438,0.0,1.7845,tp
2024-12-02 21:41:00,2024-12-02 21:48:19,1733155860000,1733156299999,AMZN,long,-8.366647,0.076163,0.0,-1.0777,stop
2024-12-02 22:11:00,2024-12-02 22:42:00,1733157660000,1733159520000,AMZN,long,-8.666922,0.084494,0.0,-1.0563,stop
2024-12-03 00:36:00,2024-12-03 01:21:00,1733166360000,1733169060000,AMZN,long,-0.864692,0.092543,0.0,-0.1493,time
2024-12-03 01:26:00,2024-12-03 02:11:00,1733169360000,1733172060000,AMZN,long,0.518948,0.084224,0.0,0.0871,time
2024-12-03 20:11:00,2024-12-03 20:56:00,1733236860000,1733239560000,AMZN,long,1.380392,0.033826,0.0,0.2112,time
2024-12-03 22:46:00,2024-12-03 23:27:39,1733246160000,1733248659999,AMZN,long,13.861917,0.093649,0.0,1.7481,tp
2024-12-04 00:41:00,2024-12-04 01:26:00,1733253060000,1733255760000,AMZN,long,-0.780575,0.093755,0.0,-0.1328,time
2024-12-04 22:36:00,2024-12-04 23:21:00,1733331960000,1733334660000,AMZN,long,-3.279617,0.05241,0.0,-0.4658,time
2024-12-05 00:36:00,2024-12-05 01:21:00,1733339160000,1733341860000,AMZN,long,-1.928795,0.104441,0.0,-0.3528,time
2024-12-05 01:41:00,2024-12-05 02:13:39,1733343060000,1733345019999,AMZN,long,9.557099,0.087331,0.0,1.6068,tp
2024-12-05 20:26:00,2024-12-05 21:11:00,1733410560000,1733413260000,AMZN,long,9.076059,0.070098,0.0,1.176,time
2024-12-05 21:46:00,2024-12-05 22:31:00,1733415360000,1733418060000,AMZN,long,6.24721,0.087832,0.0,0.7192,time
2024-12-06 00:51:00,2024-12-06 01:36:00,1733426460000,1733429160000,AMZN,long,3.183322,0.079671,0.0,0.3868,time
2024-12-06 22:51:00,2024-12-06 23:36:00,1733505660000,1733508360000,AMZN,long,0.115145,0.107984,0.0,0.0171,time
2024-12-07 01:06:00,2024-12-07 01:51:00,1733513760000,1733516460000,AMZN,long,9.434869,0.090223,0.0,1.1811,time
2024-12-09 21:46:00,2024-12-09 22:03:39,1733760960000,1733762019999,AMZN,long,8.565447,0.063967,0.0,1.0062,tp
2024-12-10 00:01:00,2024-12-10 00:46:00,1733769060000,1733771760000,AMZN,long,-3.244187,0.109833,0.0,-0.6415,time
2024-12-10 21:11:00,2024-12-10 21:38:19,1733845260000,1733846899999,AMZN,long,-12.194435,0.082014,0.0,-1.445,stop
2024-12-10 22:26:00,2024-12-10 23:11:00,1733849760000,1733852460000,AMZN,long,-2.34817,0.072788,0.0,-0.3016,time
2024-12-11 22:06:00,2024-12-11 22:51:00,1733934960000,1733937660000,AMZN,long,2.300481,0.082895,0.0,0.284,time
2024-12-11 23:06:00,2024-12-11 23:51:00,1733938560000,1733941260000,AMZN,long,-4.513414,0.092167,0.0,-0.5551,time
2024-12-12 01:41:00,2024-12-12 02:26:00,1733947860000,1733950560000,AMZN,long,0.931783,0.101214,0.0,0.1426,time
2024-12-12 21:01:00,2024-12-12 21:46:00,1734017460000,1734020160000,AMZN,long,1.708219,0.027634,0.0,0.2828,time
2024-12-12 22:36:00,2024-12-12 23:21:00,1734023160000,1734025860000,AMZN,long,0.75935,0.101215,0.0,0.087,time
2024-12-12 23:31:00,2024-12-13 00:16:00,1734026460000,1734029160000,AMZN,long,-2.826806,0.092042,0.0,-0.4891,time
2024-12-13 00:21:00,2024-12-13 00:30:00,1734029460000,1734030000000,AMZN,long,-6.501118,0.101072,0.0,-1.1678,stop
2024-12-16 22:26:00,2024-12-16 23:11:00,1734368160000,1734370860000,AMZN,long,2.176405,0.083157,0.0,0.3077,time
2024-12-16 23:16:00,2024-12-17 00:01:00,1734371160000,1734373860000,AMZN,long,3.251145,0.092584,0.0,0.4178,time
2024-12-17 00:46:00,2024-12-17 01:31:00,1734376560000,1734379260000,AMZN,long,0.40138,0.083474,0.0,0.066,time
2024-12-17 22:41:00,2024-12-17 22:49:19,1734455460000,1734455959999,AMZN,long,-7.147309,0.101611,0.0,-1.1439,stop
2024-12-17 23:01:00,2024-12-17 23:46:00,1734456660000,1734459360000,AMZN,long,8.392808,0.101808,0.0,1.3122,time
2024-12-18 00:01:00,2024-12-18 00:46:00,1734460260000,1734462960000,AMZN,long,1.753218,0.092814,0.0,0.2119,time
2024-12-18 00:51:00,2024-12-18 01:07:19,1734463260000,1734464239999,AMZN,long,-5.033408,0.102048,0.0,-1.0577,stop
2024-12-19 20:36:00,2024-12-19 20:49:19,1734620760000,1734621559999,AMZN,short,-6.668368,0.044931,0.0,-1.074,stop
2024-12-19 21:06:00,2024-12-19 21:51:00,1734622560000,1734625260000,AMZN,short,-3.841926,0.026864,0.0,-0.5375,time
2024-12-19 22:51:00,2024-12-19 23:36:00,1734628860000,1734631560000,AMZN,short,8.76984,0.080881,0.0,1.03,time
2024-12-20 00:16:00,2024-12-20 01:01:00,1734633960000,1734636660000,AMZN,short,2.674024,0.098802,0.0,0.4074,time
2024-12-20 01:31:00,2024-12-20 02:05:39,1734638460000,1734640539999,AMZN,short,13.149606,0.107604,0.0,3.2862,tp
2024-12-21 00:36:00,2024-12-21 01:00:19,1734721560000,1734723019999,AMZN,short,-7.840941,0.081012,0.0,-1.0993,stop
2024-12-23 20:16:00,2024-12-24 20:00:00,1734965160000,1735050600000,AMZN,short,-18.828145,0.081301,0.0,-2.9327,stop
2024-12-26 22:41:00,2024-12-26 23:26:00,1735233060000,1735235760000,AMZN,long,-0.219928,0.091084,0.0,-0.0382,time
2024-12-26 23:36:00,2024-12-27 00:21:00,1735236360000,1735239060000,AMZN,long,-0.318371,0.091112,0.0,-0.0529,time
2024-12-27 01:16:00,2024-12-27 02:01:00,1735242360000,1735245060000,AMZN,long,-1.69033,0.082102,0.0,-0.2846,time
2024-12-27 22:11:00,2024-12-27 22:22:00,1735317660000,1735318320000,AMZN,short,3.799198,0.062093,0.0,0.6383,tp
2024-12-27 22:46:00,2024-12-27 23:01:19,1735319760000,1735320679999,AMZN,short,-8.476117,0.097681,0.0,-1.2786,stop
2024-12-27 23:11:00,2024-12-27 23:53:19,1735321260000,1735323799999,AMZN,short,-8.043688,0.088866,0.0,-1.027,stop
2024-12-30 21:21:00,2024-12-30 21:48:19,1735573860000,1735575499999,AMZN,short,-7.700606,0.052735,0.0,-1.084,stop
2024-12-30 23:56:00,2024-12-31 00:13:19,1735583160000,1735584199999,AMZN,short,-7.857447,0.097592,0.0,-1.0506,stop
2024-12-31 20:11:00,2024-12-31 20:56:00,1735656060000,1735658760000,AMZN,short,-1.698019,0.044368,0.0,-0.2112,time
2024-12-31 21:01:00,2024-12-31 21:46:00,1735659060000,1735661760000,AMZN,short,7.605127,0.088464,0.0,1.1284,time
2024-12-31 22:56:00,2024-12-31 23:10:39,1735665960000,1735666839999,AMZN,short,11.392391,0.096961,0.0,2.5334,tp
2024-12-31 23:46:00,2025-01-01 00:31:00,1735668960000,1735671660000,AMZN,short,0.758231,0.088122,0.0,0.0878,time
2025-01-01 00:56:00,2025-01-01 01:41:00,1735673160000,1735675860000,AMZN,short,-4.594211,0.096973,0.0,-0.6814,time
2025-01-03 01:06:00,2025-01-03 01:18:19,1735846560000,1735847299999,AMZN,short,-5.53139,0.061548,0.0,-1.0327,stop
2025-01-03 01:31:00,2025-01-03 01:42:19,1735848060000,1735848739999,AMZN,short,-7.807064,0.088092,0.0,-1.1542,stop
2025-01-03 23:56:00,2025-01-04 00:41:00,1735928760000,1735931460000,AMZN,long,0.478113,0.089504,0.0,0.0837,time
2025-01-04 00:51:00,2025-01-04 01:36:00,1735932060000,1735934760000,AMZN,long,-1.322983,0.09851,0.0,-0.2263,time
2025-01-07 23:11:00,2025-01-07 23:40:19,1736271660000,1736273419999,AMZN,short,-6.45305,0.098166,0.0,-1.0633,stop
2025-01-08 00:06:00,2025-01-08 00:51:00,1736274960000,1736277660000,AMZN,short,-0.559387,0.080314,0.0,-0.0822,time
2025-01-08 01:11:00,2025-01-08 01:41:39,1736278860000,1736280699999,AMZN,short,2.878419,0.053375,0.0,0.5225,tp
2025-01-08 20:26:00,2025-01-08 20:45:39,1736348160000,1736349339999,AMZN,short,14.963466,0.070914,0.0,2.8744,tp
2025-01-08 21:16:00,2025-01-08 22:01:00,1736351160000,1736353860000,AMZN,short,-4.052515,0.053146,0.0,-0.5868,time
2025-01-08 22:41:00,2025-01-08 22:59:39,1736356260000,1736357379999,AMZN,short,10.651701,0.079603,0.0,1.2991,tp
2025-01-09 01:16:00,2025-01-09 02:01:00,1736365560000,1736368260000,AMZN,short,1.867403,0.044401,0.0,0.2673,time
2025-01-10 21:31:00,2025-01-10 22:16:00,1736524860000,1736527560000,AMZN,short,-0.26726,0.034904,0.0,-0.0391,time
2025-01-10 22:31:00,2025-01-10 23:11:19,1736528460000,1736530879999,AMZN,short,-9.03953,0.052275,0.0,-1.1136,stop
2025-01-11 01:06:00,2025-01-11 01:51:00,1736537760000,1736540460000,AMZN,short,3.438342,0.087696,0.0,0.4588,time
2025-01-13 20:36:00,2025-01-13 21:21:00,1736780760000,1736783460000,AMZN,short,-2.677314,0.043723,0.0,-0.4543,time
2025-01-13 21:26:00,2025-01-13 22:11:00,1736783760000,1736786460000,AMZN,short,5.334942,0.060984,0.0,0.6719,time
2025-01-13 22:26:00,2025-01-13 22:59:19,1736787360000,1736789359999,AMZN,short,-7.794022,0.087052,0.0,-1.0927,stop
2025-01-13 23:16:00,2025-01-13 23:28:19,1736790360000,1736791099999,AMZN,short,-6.781932,0.095902,0.0,-1.1754,stop
2025-01-14 00:41:00,2025-01-14 01:26:00,1736795460000,1736798160000,AMZN,short,-3.066277,0.096101,0.0,-0.4215,time
2025-01-15 21:46:00,2025-01-15 22:01:19,1736957760000,1736958679999,AMZN,long,-6.994317,0.07979,0.0,-1.1919,stop
2025-01-15 22:51:00,2025-01-15 23:36:00,1736961660000,1736964360000,AMZN,long,1.633287,0.070968,0.0,0.2149,time
2025-01-15 23:51:00,2025-01-16 00:36:00,1736965260000,1736967960000,AMZN,long,2.86363,0.080025,0.0,0.5031,time
2025-01-16 00:51:00,2025-01-16 01:36:00,1736968860000,1736971560000,AMZN,long,2.259711,0.080172,0.0,0.4072,time
2025-01-16 20:41:00,2025-01-16 21:26:00,1737040260000,1737042960000,AMZN,long,-1.205535,0.080321,0.0,-0.1847,time
2025-01-16 21:31:00,2025-01-16 22:12:19,1737043260000,1737045739999,AMZN,long,-10.325105,0.098133,0.0,-1.2445,stop
2025-01-17 21:06:00,2025-01-17 21:51:00,1737128160000,1737130860000,AMZN,long,-0.158381,0.044879,0.0,-0.022,time
2025-01-17 22:31:00,2025-01-17 23:16:00,1737133260000,1737135960000,AMZN,long,3.608056,0.098817,0.0,1.0028,time
2025-01-17 23:26:00,2025-01-17 23:49:00,1737136560000,1737137940000,AMZN,long,9.319528,0.09915,0.0,1.5709,tp
2025-01-18 00:31:00,2025-01-18 01:13:00,1737140460000,1737142980000,AMZN,long,5.599467,0.072219,0.0,1.0085,tp
2025-01-21 20:41:00,2025-01-21 20:42:00,1737472260000,1737472320000,AMZN,long,-6.935146,0.072882,0.0,-1.0832,stop
2025-01-21 21:01:00,2025-01-21 21:46:00,1737473460000,1737476160000,AMZN,long,4.864996,0.036635,0.0,0.8012,time
2025-01-21 23:46:00,2025-01-22 00:31:00,1737483360000,1737486060000,AMZN,long,0.611715,0.092591,0.0,0.1017,time
2025-01-22 01:36:00,2025-01-22 01:44:19,1737489960000,1737490459999,AMZN,long,-7.070755,0.083044,0.0,-1.1584,stop
2025-01-22 21:56:00,2025-01-22 22:41:00,1737563160000,1737565860000,AMZN,long,3.41255,0.09383,0.0,0.5392,time
2025-01-22 23:31:00,2025-01-22 23:43:19,1737568860000,1737569599999,AMZN,long,-5.446721,0.093594,0.0,-1.0708,stop
2025-01-23 01:21:00,2025-01-23 02:06:00,1737575460000,1737578160000,AMZN,long,4.489554,0.093488,0.0,0.7965,time
2025-01-23 20:46:00,2025-01-23 21:31:00,1737645360000,1737648060000,AMZN,long,1.639931,0.056184,0.0,0.2318,time
2025-01-23 21:46:00,2025-01-23 22:31:00,1737648960000,1737651660000,AMZN,long,-4.525066,0.084263,0.0,-0.6781,time
2025-01-23 23:51:00,2025-01-24 00:36:00,1737656460000,1737659160000,AMZN,long,-4.632676,0.084074,0.0,-0.8109,time
2025-01-24 01:11:00,2025-01-24 01:56:00,1737661260000,1737663960000,AMZN,long,5.77978,0.084292,0.0,1.0634,time
2025-01-24 22:16:00,2025-01-24 22:26:19,1737737160000,1737737779999,AMZN,long,-6.22652,0.093754,0.0,-1.1147,stop
2025-01-25 00:01:00,2025-01-25 00:16:19,1737743460000,1737744379999,AMZN,long,-5.594376,0.074795,0.0,-1.0285,stop
2025-01-28 22:26:00,2025-01-28 22:50:39,1738083360000,1738084839999,AMZN,long,11.610504,0.067439,0.0,1.4548,tp
2025-01-29 01:01:00,2025-01-29 01:38:19,1738092660000,1738094899999,AMZN,long,-8.154583,0.086092,0.0,-1.0309,stop
2025-01-29 20:56:00,2025-01-29 21:41:00,1738164360000,1738167060000,AMZN,long,-0.379943,0.038051,0.0,-0.0655,time
2025-01-29 22:51:00,2025-01-29 23:31:19,1738171260000,1738173679999,AMZN,long,-7.070936,0.094986,0.0,-1.288,stop
2025-01-30 00:01:00,2025-01-30 00:46:00,1738175460000,1738178160000,AMZN,long,-4.113996,0.066507,0.0,-0.5615,time
2025-01-31 22:06:00,2025-01-31 22:51:00,1738341360000,1738344060000,AMZN,long,1.38542,0.067057,0.0,0.1963,time
2025-01-31 23:01:00,2025-01-31 23:46:00,1738344660000,1738347360000,AMZN,long,1.54527,0.076751,0.0,0.2033,time
2025-02-03 22:51:00,2025-02-03 23:25:19,1738603260000,1738605319999,AMZN,long,-7.303336,0.057114,0.0,-1.0247,stop
2025-02-04 00:46:00,2025-02-04 01:31:00,1738610160000,1738612860000,AMZN,long,-4.391119,0.066628,0.0,-0.7207,time
2025-02-04 01:36:00,2025-02-04 02:21:00,1738613160000,1738615860000,AMZN,long,-0.796027,0.095157,0.0,-0.1595,time
2025-02-04 22:31:00,2025-02-04 22:46:19,1738688460000,1738689379999,AMZN,long,-7.582658,0.096696,0.0,-1.3764,stop
2025-02-05 00:06:00,2025-02-05 00:51:00,1738694160000,1738696860000,AMZN,long,6.224234,0.087154,0.0,0.8158,time
2025-02-05 01:26:00,2025-02-05 02:11:00,1738698960000,1738701660000,AMZN,long,-1.809683,0.096782,0.0,-0.3254,time
2025-02-05 23:06:00,2025-02-05 23:39:00,1738776960000,1738778940000,AMZN,short,-6.272562,0.094832,0.0,-1.0493,stop
2025-02-06 21:11:00,2025-02-06 21:56:00,1738856460000,1738859160000,AMZN,short,-2.738015,0.066512,0.0,-0.5599,time
2025-02-06 22:06:00,2025-02-06 22:17:39,1738859760000,1738860459999,AMZN,short,9.558529,0.085259,0.0,1.4586,tp
2025-02-07 22:51:00,2025-02-07 23:11:19,1738948860000,1738950079999,AMZN,short,-7.681447,0.064249,0.0,-1.1127,stop
2025-02-08 00:16:00,2025-02-08 01:01:00,1738953960000,1738956660000,AMZN,short,3.071381,0.036689,0.0,0.5375,time
2025-02-08 01:36:00,2025-02-08 02:10:19,1738958760000,1738960819999,AMZN,short,-5.91278,0.091741,0.0,-1.2553,stop
2025-02-11 00:11:00,2025-02-11 00:22:00,1739212860000,1739213520000,AMZN,short,-6.040527,0.083743,0.0,-1.0794,stop
2025-02-11 23:21:00,2025-02-11 23:52:19,1739296260000,1739298139999,AMZN,short,-6.089867,0.083323,0.0,-1.0747,stop
2025-02-12 00:56:00,2025-02-12 01:12:19,1739301960000,1739302939999,AMZN,short,-7.593691,0.092754,0.0,-1.0845,stop
2025-02-12 21:21:00,2025-02-12 22:06:00,1739375460000,1739378160000,AMZN,short,2.398184,0.064297,0.0,0.363,time
2025-02-12 23:16:00,2025-02-12 23:28:19,1739382360000,1739383099999,AMZN,short,-6.795637,0.092275,0.0,-1.2811,stop
2025-02-13 00:16:00,2025-02-13 01:01:00,1739385960000,1739388660000,AMZN,short,-0.966618,0.092271,0.0,-0.1732,time
2025-02-13 01:11:00,2025-02-13 01:56:00,1739389260000,1739391960000,AMZN,short,6.295927,0.092124,0.0,1.4086,time
2025-02-13 21:56:00,2025-02-13 22:22:00,1739463960000,1739465520000,AMZN,short,3.569366,0.054877,0.0,0.6629,tp
2025-02-13 22:46:00,2025-02-13 23:31:00,1739466960000,1739469660000,AMZN,short,3.68312,0.063843,0.0,0.7166,time
2025-02-14 20:51:00,2025-02-14 21:36:00,1739546460000,1739549160000,AMZN,short,-0.736975,0.063931,0.0,-0.0943,time
2025-02-14 21:51:00,2025-02-14 22:36:00,1739550060000,1739552760000,AMZN,short,-2.976391,0.082232,0.0,-0.5335,time
2025-02-14 22:46:00,2025-02-14 23:25:19,1739553360000,1739555719999,AMZN,short,-5.643922,0.082344,0.0,-1.0665,stop
2025-02-15 00:01:00,2025-02-15 00:46:00,1739557860000,1739560560000,AMZN,short,-1.590268,0.091518,0.0,-0.2715,time
2025-02-15 01:36:00,2025-02-15 02:21:00,1739563560000,1739566260000,AMZN,short,0.209923,0.082345,0.0,0.0388,time
2025-02-18 23:41:00,2025-02-19 00:01:39,1739902260000,1739903499999,AMZN,short,6.297255,0.071741,0.0,1.0791,tp
2025-02-19 00:41:00,2025-02-19 00:54:19,1739905860000,1739906659999,AMZN,short,-5.41614,0.08975,0.0,-1.3335,stop
2025-02-19 20:21:00,2025-02-19 21:06:00,1739976660000,1739979360000,AMZN,short,3.346376,0.044887,0.0,0.4608,time
2025-02-19 22:56:00,2025-02-19 23:41:00,1739985960000,1739988660000,AMZN,short,3.027874,0.071825,0.0,0.5125,time
2025-02-19 23:46:00,2025-02-19 23:55:19,1739988960000,1739989519999,AMZN,short,-4.356037,0.089797,0.0,-1.1057,stop
2025-02-20 22:31:00,2025-02-20 23:07:00,1740070860000,1740073020000,AMZN,short,-5.758096,0.08016,0.0,-1.0944,stop
2025-02-20 23:31:00,2025-02-21 00:16:00,1740074460000,1740077160000,AMZN,short,0.358684,0.071193,0.0,0.0708,time
2025-02-21 00:26:00,2025-02-21 00:50:19,1740077760000,1740079219999,AMZN,short,-5.534795,0.089021,0.0,-1.1289,stop
2025-02-21 01:06:00,2025-02-21 01:51:00,1740080160000,1740082860000,AMZN,short,-2.540256,0.080081,0.0,-0.4662,time
2025-02-21 20:16:00,2025-02-21 20:57:39,1740149160000,1740151659999,AMZN,short,8.915848,0.035319,0.0,1.4698,tp
2025-02-21 22:01:00,2025-02-21 22:35:39,1740155460000,1740157539999,AMZN,short,10.161294,0.087555,0.0,2.3851,tp
2025-02-24 20:16:00,2025-02-24 21:01:00,1740408360000,1740411060000,AMZN,short,5.894972,0.025804,0.0,1.121,time
2025-02-24 22:06:00,2025-02-24 22:49:19,1740414960000,1740417559999,AMZN,short,-7.395787,0.0857,0.0,-1.0862,stop
2025-02-25 00:31:00,2025-02-25 01:16:00,1740423660000,1740426360000,AMZN,short,3.389374,0.094362,0.0,0.6182,time
2025-02-27 23:16:00,2025-02-28 00:01:00,1740678360000,1740681060000,AMZN,short,-4.362686,0.068317,0.0,-0.6493,time
2025-02-28 00:16:00,2025-02-28 00:39:39,1740681960000,1740683379999,AMZN,short,6.55539,0.076699,0.0,1.1327,tp
2025-02-28 22:01:00,2025-02-28 22:46:00,1740760260000,1740762960000,AMZN,short,-0.56444,0.041895,0.0,-0.0757,time
2025-02-28 22:56:00,2025-02-28 23:16:39,1740763560000,1740764799999,AMZN,short,9.94902,0.066783,0.0,1.5058,tp
2025-03-01 00:31:00,2025-03-01 01:13:19,1740769260000,1740771799999,AMZN,short,-5.875143,0.041732,0.0,-1.1596,stop
2025-03-03 21:31:00,2025-03-03 22:16:00,1741017660000,1741020360000,AMZN,short,5.996976,0.033425,0.0,1.1471,time
2025-03-04 00:46:00,2025-03-04 01:24:39,1741029360000,1741031679999,AMZN,short,8.885994,0.057903,0.0,1.3083,tp
2025-03-07 01:31:00,2025-03-07 02:16:00,1741291260000,1741293960000,AMZN,short,0.924172,0.039871,0.0,0.1563,time
2025-03-11 20:56:00,2025-03-11 21:41:00,1741706760000,1741709460000,AMZN,short,7.82153,0.03934,0.0,1.9408,time
2025-03-11 22:11:00,2025-03-11 22:56:00,1741711260000,1741713960000,AMZN,short,4.643875,0.031146,0.0,0.6524,time
2025-03-13 20:01:00,2025-03-13 20:46:00,1741876260000,1741878960000,AMZN,short,7.684185,0.062562,0.0,1.2911,time
2025-03-13 21:01:00,2025-03-13 21:46:00,1741879860000,1741882560000,AMZN,short,7.365037,0.054454,0.0,1.14,time
2025-03-13 22:16:00,2025-03-13 22:32:39,1741884360000,1741885359999,AMZN,short,5.11548,0.054055,0.0,0.6469,tp
2025-03-14 00:41:00,2025-03-14 01:26:00,1741893060000,1741895760000,AMZN,short,0.116604,0.054213,0.0,0.0162,time
2025-03-17 21:56:00,2025-03-17 22:36:00,1742228760000,1742231160000,AMZN,short,-7.811565,0.070288,0.0,-1.0446,stop
2025-03-18 21:51:00,2025-03-18 22:36:00,1742314860000,1742317560000,AMZN,short,0.919478,0.069077,0.0,0.1225,time
2025-03-18 22:41:00,2025-03-18 23:07:00,1742317860000,1742319420000,AMZN,short,-7.168119,0.084545,0.0,-1.0648,stop
2025-03-18 23:36:00,2025-03-19 00:08:19,1742321160000,1742323099999,AMZN,short,-9.204581,0.061642,0.0,-1.1824,stop
2025-03-19 20:26:00,2025-03-19 21:11:00,1742396160000,1742398860000,AMZN,short,-5.496158,0.054128,0.0,-0.7803,time
2025-03-19 21:46:00,2025-03-19 22:31:00,1742400960000,1742403660000,AMZN,short,6.010181,0.069501,0.0,0.7753,time
2025-03-19 23:21:00,2025-03-19 23:30:19,1742406660000,1742407219999,AMZN,short,-10.618572,0.092689,0.0,-3.2491,stop
2025-03-20 21:16:00,2025-03-20 21:25:19,1742485560000,1742486119999,AMZN,long,-7.253129,0.094729,0.0,-1.1157,stop
2025-03-21 21:01:00,2025-03-21 21:45:19,1742571060000,1742573719999,AMZN,short,-7.400236,0.04676,0.0,-1.0255,stop
2025-03-24 21:36:00,2025-03-24 22:18:39,1742832360000,1742834919999,AMZN,long,5.003902,0.064758,0.0,0.9651,tp
2025-03-24 22:21:00,2025-03-24 23:06:00,1742835060000,1742837760000,AMZN,long,-4.481593,0.072844,0.0,-0.6084,time
2025-03-24 23:31:00,2025-03-25 00:16:00,1742839260000,1742841960000,AMZN,long,3.297501,0.089036,0.0,0.6288,time
2025-03-25 00:26:00,2025-03-25 01:11:00,1742842560000,1742845260000,AMZN,long,5.104666,0.08118,0.0,0.6877,time
2025-03-25 21:46:00,2025-03-25 21:57:19,1742919360000,1742920039999,AMZN,long,-4.104278,0.090143,0.0,-1.0644,stop
2025-03-25 22:26:00,2025-03-25 23:11:00,1742921760000,1742924460000,AMZN,long,-1.005365,0.090183,0.0,-0.16,time
2025-03-25 23:31:00,2025-03-26 00:16:00,1742925660000,1742928360000,AMZN,long,-0.098754,0.090235,0.0,-0.0186,time
2025-03-26 00:31:00,2025-03-26 01:16:00,1742929260000,1742931960000,AMZN,long,-0.540332,0.065693,0.0,-0.1051,time
2025-03-28 23:56:00,2025-03-29 00:05:19,1743186360000,1743186919999,AMZN,short,-7.120487,0.092602,0.0,-1.1586,stop
2025-03-29 00:21:00,2025-03-29 01:06:00,1743187860000,1743190560000,AMZN,short,0.459234,0.061547,0.0,0.063,time
2025-03-31 20:41:00,2025-03-31 20:52:19,1743433860000,1743434539999,AMZN,short,-8.68672,0.074522,0.0,-1.156,stop
2025-04-01 19:41:00,2025-04-01 20:26:00,1743516660000,1743519360000,AMZN,short,-6.569838,0.030413,0.0,-0.9106,time
2025-04-02 00:21:00,2025-04-02 00:30:19,1743533460000,1743534019999,AMZN,short,-6.595164,0.084155,0.0,-1.0514,stop
2025-04-02 00:41:00,2025-04-02 01:02:19,1743534660000,1743535939999,AMZN,short,-5.923397,0.091934,0.0,-1.0508,stop
2025-04-03 22:41:00,2025-04-03 23:26:00,1743700260000,1743702960000,AMZN,short,5.231272,0.043487,0.0,0.8323,time
2025-04-04 22:46:00,2025-04-04 23:29:19,1743786960000,1743789559999,AMZN,short,-6.833942,0.028044,0.0,-1.0484,stop
2025-04-05 00:01:00,2025-04-05 00:46:00,1743791460000,1743794160000,AMZN,short,2.751469,0.027896,0.0,0.4931,time
2025-04-08 23:36:00,2025-04-09 00:21:00,1744135560000,1744138260000,AMZN,short,1.027683,0.020887,0.0,0.1861,time
2025-04-09 21:01:00,2025-04-09 21:46:00,1744212660000,1744215360000,AMZN,short,-0.172784,0.027515,0.0,-0.0335,time
2025-04-09 22:01:00,2025-04-09 22:21:00,1744216260000,1744217460000,AMZN,short,-7.153532,0.055062,0.0,-1.0506,stop
2025-04-11 00:16:00,2025-04-11 00:25:19,1744310760000,1744311319999,AMZN,long,-4.953722,0.029036,0.0,-1.3602,stop
2025-04-11 23:11:00,2025-04-11 23:56:00,1744393260000,1744395960000,AMZN,long,0.175417,0.029345,0.0,0.0289,time
2025-04-12 00:21:00,2025-04-12 01:06:00,1744397460000,1744400160000,AMZN,long,3.290712,0.0663,0.0,0.4957,time
2025-04-14 19:56:00,2025-04-14 20:41:00,1744640760000,1744643460000,AMZN,long,-1.6814,0.029497,0.0,-0.2873,time
2025-04-15 21:01:00,2025-04-15 21:46:00,1744731060000,1744733760000,AMZN,short,1.415261,0.079611,0.0,0.2015,time
2025-04-15 22:06:00,2025-04-15 22:47:39,1744734960000,1744737459999,AMZN,short,11.649881,0.079174,0.0,1.5951,tp
2025-04-16 20:21:00,2025-04-16 20:39:19,1744815060000,1744816159999,AMZN,short,-5.860693,0.071079,0.0,-1.0464,stop
2025-04-16 21:21:00,2025-04-16 22:06:00,1744818660000,1744821360000,AMZN,short,2.070797,0.028328,0.0,0.3456,time
2025-04-16 22:36:00,2025-04-16 23:01:39,1744823160000,1744824699999,AMZN,short,14.505464,0.091569,0.0,2.9745,tp
2025-04-17 19:56:00,2025-04-17 20:41:00,1744899960000,1744902660000,AMZN,short,-3.048232,0.020842,0.0,-0.6091,time
2025-04-17 20:56:00,2025-04-17 21:41:00,1744903560000,1744906260000,AMZN,short,-0.844954,0.048588,0.0,-0.118,time
2025-04-17 22:11:00,2025-04-17 22:56:00,1744908060000,1744910760000,AMZN,short,-1.19305,0.03463,0.0,-0.1896,time
2025-04-17 23:46:00,2025-04-17 23:50:19,1744913760000,1744914019999,AMZN,short,-8.392023,0.08336,0.0,-1.1389,stop
2025-04-18 00:21:00,2025-04-18 01:06:00,1744915860000,1744918560000,AMZN,short,2.331104,0.03461,0.0,0.3507,time
2025-04-21 20:56:00,2025-04-21 21:41:00,1745249160000,1745251860000,AMZN,short,-2.327684,0.040035,0.0,-0.3648,time
2025-04-21 21:51:00,2025-04-21 22:36:00,1745252460000,1745255160000,AMZN,short,5.186627,0.05987,0.0,0.7924,time
2025-04-22 00:16:00,2025-04-22 00:51:19,1745261160000,1745263279999,AMZN,short,-6.341447,0.08632,0.0,-1.1477,stop
2025-04-23 22:31:00,2025-04-23 23:16:00,1745427660000,1745430360000,AMZN,long,-0.617442,0.036348,0.0,-0.1298,time
2025-04-23 23:26:00,2025-04-24 00:11:00,1745430960000,1745433660000,AMZN,long,-3.507234,0.043689,0.0,-0.5345,time
2025-04-24 21:51:00,2025-04-24 22:36:00,1745511660000,1745514360000,AMZN,long,1.835698,0.051806,0.0,0.2801,time
2025-04-24 22:46:00,2025-04-24 22:48:19,1745514960000,1745515099999,AMZN,long,-6.960073,0.088792,0.0,-1.4423,stop
2025-04-24 23:01:00,2025-04-24 23:46:00,1745515860000,1745518560000,AMZN,long,0.463642,0.051951,0.0,0.0751,time
2025-04-24 23:51:00,2025-04-25 00:18:39,1745518860000,1745520519999,AMZN,long,8.393639,0.081826,0.0,1.6357,tp
2025-04-25 19:36:00,2025-04-25 20:21:00,1745589960000,1745592660000,AMZN,long,-1.42979,0.029906,0.0,-0.2104,time
2025-04-25 20:41:00,2025-04-25 21:17:19,1745593860000,1745596039999,AMZN,long,-7.459066,0.05228,0.0,-1.0542,stop
2025-04-25 21:26:00,2025-04-25 22:11:00,1745596560000,1745599260000,AMZN,long,7.678629,0.06743,0.0,1.0906,time
2025-04-25 23:41:00,2025-04-26 00:26:00,1745604660000,1745607360000,AMZN,long,6.802573,0.037771,0.0,1.0974,time
2025-04-28 19:16:00,2025-04-28 19:28:19,1745847960000,1745848699999,AMZN,long,-5.910601,0.022664,0.0,-1.037,stop
2025-04-28 19:41:00,2025-04-28 20:26:00,1745849460000,1745852160000,AMZN,long,-3.610435,0.037698,0.0,-0.51,time
2025-04-29 21:16:00,2025-04-29 22:01:00,1745941560000,1745944260000,AMZN,long,0.985073,0.052279,0.0,0.1602,time
2025-04-30 20:56:00,2025-04-30 21:41:00,1746026760000,1746029460000,AMZN,short,-0.259941,0.050763,0.0,-0.0393,time
2025-04-30 21:56:00,2025-04-30 22:41:00,1746030360000,1746033060000,AMZN,short,1.700113,0.043387,0.0,0.2458,time
2025-05-01 00:11:00,2025-05-01 00:56:00,1746038460000,1746041160000,AMZN,short,-0.808994,0.050915,0.0,-0.1092,time
2025-05-01 21:41:00,2025-05-01 21:46:19,1746115860000,1746116179999,AMZN,long,-6.802685,0.075612,0.0,-1.2338,stop
2025-05-01 22:01:00,2025-05-01 22:46:00,1746117060000,1746119760000,AMZN,long,3.492273,0.045571,0.0,0.5909,time
2025-05-01 23:06:00,2025-05-01 23:10:19,1746120960000,1746121219999,AMZN,long,-3.906248,0.091092,0.0,-1.231,stop
2025-05-01 23:36:00,2025-05-02 00:21:00,1746122760000,1746125460000,AMZN,long,3.561252,0.076026,0.0,0.6051,time
2025-05-02 20:01:00,2025-05-02 20:18:19,1746196260000,1746197299999,AMZN,long,-5.459534,0.045313,0.0,-1.0809,stop
2025-05-02 20:31:00,2025-05-02 20:42:39,1746198060000,1746198759999,AMZN,long,8.078073,0.03802,0.0,1.2662,tp
2025-05-02 21:11:00,2025-05-02 21:35:39,1746200460000,1746201939999,AMZN,long,13.691542,0.068485,0.0,1.8501,tp
2025-05-02 23:41:00,2025-05-03 00:20:19,1746209460000,1746211819999,AMZN,long,-8.140242,0.060947,0.0,-1.1667,stop
2025-05-06 23:11:00,2025-05-06 23:56:00,1746553260000,1746555960000,AMZN,short,-6.326621,0.074244,0.0,-0.9804,time
2025-05-07 00:16:00,2025-05-07 01:01:00,1746557160000,1746559860000,AMZN,short,-2.845997,0.074263,0.0,-0.547,time
2025-05-07 20:41:00,2025-05-07 20:43:19,1746630660000,1746630799999,AMZN,long,-11.12285,0.082999,0.0,-1.4872,stop
2025-05-07 22:16:00,2025-05-07 23:01:00,1746636360000,1746639060000,AMZN,long,2.962088,0.06039,0.0,0.4506,time
2025-05-07 23:21:00,2025-05-07 23:23:19,1746640260000,1746640399999,AMZN,long,-8.163159,0.082942,0.0,-1.3132,stop
2025-05-08 00:06:00,2025-05-08 00:51:00,1746642960000,1746645660000,AMZN,long,1.740596,0.03013,0.0,0.2709,time
2025-05-08 20:01:00,2025-05-08 20:25:19,1746714660000,1746716119999,AMZN,long,-6.882533,0.037915,0.0,-1.0676,stop
2025-05-08 20:41:00,2025-05-08 21:03:39,1746717060000,1746718419999,AMZN,long,6.44159,0.030573,0.0,1.0718,tp
2025-05-08 23:26:00,2025-05-08 23:28:19,1746726960000,1746727099999,AMZN,long,-5.546291,0.085006,0.0,-1.2907,stop
2025-05-08 23:41:00,2025-05-09 00:26:00,1746727860000,1746730560000,AMZN,long,3.538011,0.085091,0.0,0.6681,time
2025-05-09 19:31:00,2025-05-09 19:47:19,1746799260000,1746800239999,AMZN,long,-8.522019,0.069551,0.0,-1.2012,stop
2025-05-09 20:41:00,2025-05-09 21:26:00,1746803460000,1746806160000,AMZN,long,0.991427,0.053897,0.0,0.1616,time
2025-05-09 21:31:00,2025-05-09 22:16:00,1746806460000,1746809160000,AMZN,long,-4.526146,0.038509,0.0,-0.7598,time
2025-05-09 23:11:00,2025-05-09 23:56:00,1746812460000,1746815160000,AMZN,long,-0.24419,0.061565,0.0,-0.0396,time
2025-05-10 00:06:00,2025-05-10 00:51:00,1746815760000,1746818460000,AMZN,long,7.600258,0.084779,0.0,1.7813,time
2025-05-12 21:41:00,2025-05-12 22:26:00,1747066260000,1747068960000,AMZN,long,4.926163,0.049808,0.0,0.8695,time
2025-05-12 23:16:00,2025-05-13 00:01:00,1747071960000,1747074660000,AMZN,long,2.001201,0.066743,0.0,0.4068,time
2025-05-13 21:11:00,2025-05-13 21:56:00,1747150860000,1747153560000,AMZN,long,0.435701,0.059937,0.0,0.0672,time
2025-05-14 00:31:00,2025-05-14 00:58:19,1747162860000,1747164499999,AMZN,long,-5.900203,0.084812,0.0,-1.306,stop
2025-05-14 20:31:00,2025-05-14 21:16:00,1747234860000,1747237560000,AMZN,long,-2.581342,0.07594,0.0,-0.4757,time
2025-05-14 22:06:00,2025-05-14 22:10:19,1747240560000,1747240819999,AMZN,long,-5.55663,0.075867,0.0,-1.1445,stop
2025-05-14 23:31:00,2025-05-15 00:16:00,1747245660000,1747248360000,AMZN,long,-2.084895,0.075643,0.0,-0.4313,time
2025-05-21 23:36:00,2025-05-22 00:21:00,1747850760000,1747853460000,AMZN,short,-1.241821,0.056395,0.0,-0.212,time
2025-05-22 00:26:00,2025-05-22 01:11:00,1747853760000,1747856460000,AMZN,short,-1.594481,0.048282,0.0,-0.2568,time
2025-05-22 20:26:00,2025-05-22 20:37:19,1747925760000,1747926439999,AMZN,short,-6.754014,0.040487,0.0,-1.0689,stop
2025-05-23 00:31:00,2025-05-23 01:16:00,1747940460000,1747943160000,AMZN,long,-5.225368,0.065271,0.0,-1.1386,stop
2025-05-23 21:26:00,2025-05-23 22:11:00,1748015760000,1748018460000,AMZN,short,-1.729945,0.056292,0.0,-0.2448,time
2025-05-24 00:31:00,2025-05-24 01:16:00,1748026860000,1748029560000,AMZN,short,1.518983,0.064502,0.0,0.3301,time
2025-05-27 22:51:00,2025-05-27 23:36:00,1748366460000,1748369160000,AMZN,long,-2.715263,0.065999,0.0,-0.5783,time
2025-05-27 23:46:00,2025-05-27 23:52:19,1748369760000,1748370139999,AMZN,long,-4.279401,0.08234,0.0,-1.1402,stop
